time,s,e,i,r,mandate,complying,away_percent
0,5345,1055,600,0,0,7000,0
0.25,5345,1053,602,0,0,7000,4
0.5,5345,1044,611,0,0,6993,9.657142857
0.75,5345,1040,614,1,0,6984,14.25714286
1,5345,1037,616,2,0,6970,18.61428571
1.25,5345,1033,620,2,0,6956,22.82857143
1.5,5345,1027,624,4,0,6935,27.08571429
1.75,5345,1025,624,6,0,6906,30.92857143
2,5345,1018,631,6,0,6882,34.72857143
2.25,5345,1008,641,6,0,6854,37.78571429
2.5,5345,1005,643,7,0,6827,40.7
2.75,5345,1001,645,9,0,6805,43.31428571
3,5344,996,650,10,0,6766,45.71428571
3.25,5343,993,654,10,0,6745,48.54285714
3.5,5343,988,659,10,0,6709,50.44285714
3.75,5343,983,663,11,0,6671,52.32857143
4,5343,979,667,11,0,6635,54.32857143
4.25,5343,972,673,12,0,6584,55.84285714
4.5,5342,968,676,14,0,6548,57.48571429
4.75,5342,960,683,15,0,6517,59.27142857
5,5342,952,690,16,0,6480,60.81428571
5.25,5342,943,699,16,0,6447,62.4
5.5,5341,938,704,17,0,6411,63.5
5.75,5340,928,714,18,0,6359,65.02857143
6,5340,922,719,19,0,6314,66
6.25,5340,917,722,21,0,6271,67.3
6.5,5340,912,723,25,0,6251,68.14285714
6.75,5338,907,728,27,0,6204,69.35714286
7,5338,902,733,27,0,6163,70.08571429
7.25,5338,900,734,28,0,6121,70.71428571
7.5,5338,895,736,31,0,6082,71.62857143
7.75,5338,888,741,33,0,6049,72.22857143
8,5338,885,743,34,0,6016,72.48571429
8.25,5336,885,745,34,0,5992,72.95714286
8.5,5335,876,755,34,0,5937,73.48571429
8.75,5335,872,758,35,0,5904,73.91428571
9,5335,865,764,36,0,5849,74.34285714
9.25,5335,859,770,36,0,5803,74.6
9.5,5333,858,772,37,0,5755,75.08571429
9.75,5332,854,776,38,0,5715,75.67142857
10,5331,851,780,38,0,5668,76.12857143
10.25,5331,843,788,38,0,5647,76.21428571
10.5,5330,841,788,41,0,5623,76.32857143
10.75,5330,836,793,41,0,5583,76.64285714
11,5328,835,794,43,0,5551,76.91428571
11.25,5327,829,801,43,0,5520,77.17142857
11.5,5327,827,803,43,0,5474,77.38571429
11.75,5325,828,804,43,0,5456,77.54285714
12,5324,823,809,44,0,5423,77.88571429
12.25,5324,819,812,45,0,5384,77.91428571
12.5,5323,814,816,47,0,5366,77.95714286
12.75,5322,810,820,48,0,5330,77.88571429
13,5321,807,821,51,0,5293,78.01428571
13.25,5321,804,824,51,0,5265,78.41428571
13.5,5321,796,830,53,0,5250,78.52857143
13.75,5320,792,834,54,0,5211,78.54285714
14,5320,789,836,55,0,5197,78.94285714
14.25,5318,787,838,57,0,5151,79.17142857
14.5,5318,785,840,57,0,5119,79.25714286
14.75,5317,780,846,57,0,5075,79.57142857
15,5317,774,852,57,0,5021,79.94285714
15.25,5316,772,853,59,0,5006,80
15.5,5316,768,856,60,0,4998,80.22857143
15.75,5316,767,856,61,0,4950,80.62857143
16,5316,765,856,63,0,4927,80.48571429
16.25,5314,762,860,64,0,4889,80.7
16.5,5314,756,863,67,0,4870,80.61428571
16.75,5312,753,866,69,0,4856,80.54285714
17,5312,749,869,70,0,4832,80.35714286
17.25,5311,747,870,72,0,4789,80.77142857
17.5,5311,744,873,72,0,4765,80.64285714
17.75,5310,739,879,72,0,4740,80.62857143
18,5310,733,885,72,0,4733,80.55714286
18.25,5309,730,889,72,0,4711,80.37142857
18.5,5309,726,891,74,0,4672,80.68571429
18.75,5309,717,899,75,0,4654,80.57142857
19,5307,713,905,75,0,4643,80.64285714
19.25,5306,710,907,77,0,4625,80.74285714
19.5,5305,707,910,78,0,4603,80.87142857
19.75,5303,707,912,78,0,4593,80.74285714
20,5302,705,913,80,0,4564,80.95714286
20.25,5302,700,913,85,0,4554,81.21428571
20.5,5301,698,915,86,0,4527,81.25714286
20.75,5297,701,912,90,0,4509,81.37142857
21,5296,699,914,91,0,4486,81.38571429
21.25,5293,698,916,93,0,4476,81.37142857
21.5,5291,697,918,94,0,4458,81.08571429
21.75,5289,693,924,94,0,4455,80.62857143
22,5288,690,927,95,0,4424,80.75714286
22.25,5287,687,931,95,0,4393,80.95714286
22.5,5284,686,933,97,0,4385,80.81428571
22.75,5283,682,937,98,0,4365,80.77142857
23,5282,679,940,99,0,4354,80.92857143
23.25,5282,677,940,101,0,4331,81.04285714
23.5,5280,678,936,106,0,4329,80.94285714
23.75,5278,675,940,107,0,4326,80.75714286
24,5277,674,940,109,0,4295,80.78571429
24.25,5277,673,941,109,0,4267,80.68571429
24.5,5277,671,941,111,0,4235,80.8
24.75,5277,669,941,113,0,4206,81.18571429
25,5276,666,944,114,0,4206,81.01428571
25.25,5276,661,949,114,0,4159,81.2
25.5,5274,662,949,115,0,4143,81.21428571
25.75,5272,660,952,116,0,4136,80.91428571
26,5272,653,959,116,0,4122,80.94285714
26.25,5271,651,961,117,0,4105,80.85714286
26.5,5271,648,964,117,0,4224,77.68571429
26.75,5270,644,969,117,0,4334,73.97142857
27,5268,642,971,119,0,4483,70
27.25,5265,642,974,119,0,4594,66.37142857
27.5,5263,640,976,121,0,4716,62.92857143
27.75,5262,640,976,122,0,4838,59.75714286
28,5260,640,977,123,0,4919,57.27142857
28.25,5259,639,977,125,0,5002,54.64285714
28.5,5256,638,980,126,0,5074,52.4
28.75,5256,634,984,126,0,5179,49.98571429
29,5256,626,991,127,0,5251,47.88571429
29.25,5256,625,988,131,0,5316,46.12857143
29.5,5255,622,991,132,0,5368,44.15714286
29.75,5254,622,991,133,0,5433,42.38571429
30,5254,618,995,133,0,5485,40.75714286
30.25,5254,616,997,133,0,5550,39.4
30.5,5252,618,996,134,0,5580,38.35714286
30.75,5252,617,996,135,0,5622,36.9
31,5251,614,999,136,0,5651,36.1
31.25,5251,613,997,139,0,5684,35.1
31.5,5251,612,996,141,0,5718,34.1
31.75,5249,612,997,142,0,5734,33.2
32,5249,607,1002,142,0,5767,32.18571429
32.25,5248,604,1005,143,0,5789,31.2
32.5,5248,603,1006,143,0,5847,30.02857143
32.75,5248,601,1008,143,0,5869,29.15714286
33,5247,596,1012,145,0,5903,28.07142857
33.25,5246,596,1011,147,0,5913,27.54285714
33.5,5246,593,1013,148,0,5921,27.14285714
33.75,5245,593,1013,149,0,5949,26.27142857
34,5244,589,1018,149,0,5970,25.81428571
34.25,5243,587,1020,150,0,5984,25.38571429
34.5,5243,585,1021,151,0,6000,25.08571429
34.75,5242,580,1026,152,0,6017,24.72857143
35,5240,576,1032,152,0,6045,24.14285714
35.25,5239,572,1035,154,0,6062,23.61428571
35.5,5239,567,1039,155,0,6086,23.12857143
35.75,5237,565,1042,156,0,6077,23.05714286
36,5235,566,1042,157,0,6070,22.97142857
36.25,5233,568,1042,157,0,6066,22.68571429
36.5,5233,565,1045,157,0,6095,22.11428571
36.75,5232,564,1045,159,0,6111,21.71428571
37,5232,562,1045,161,0,6109,21.54285714
37.25,5232,558,1048,162,0,6106,21.4
37.5,5231,554,1052,163,0,6103,21.11428571
37.75,5231,554,1050,165,0,6107,21.04285714
38,5231,547,1056,166,0,6120,20.87142857
38.25,5231,543,1059,167,0,6123,20.61428571
38.5,5231,539,1063,167,0,6134,20.41428571
38.75,5231,535,1066,168,0,6156,20.14285714
39,5230,534,1067,169,0,6188,19.82857143
39.25,5229,534,1067,170,0,6197,19.58571429
39.5,5228,532,1068,172,0,6191,19.5
39.75,5228,528,1070,174,0,6189,19.64285714
40,5228,526,1070,176,0,6212,19.34285714
40.25,5228,525,1069,178,0,6221,19.24285714
40.5,5228,524,1068,180,0,6220,19.41428571
40.75,5227,524,1069,180,0,6232,19.47142857
41,5224,526,1069,181,0,6228,19.45714286
41.25,5224,521,1072,183,0,6232,19.34285714
41.5,5223,517,1075,185,0,6223,19.47142857
41.75,5223,516,1076,185,0,6233,19.25714286
42,5223,511,1080,186,0,6233,19.05714286
42.25,5222,510,1080,188,0,6244,19.01428571
42.5,5222,507,1079,192,0,6251,18.6
42.75,5222,505,1079,194,0,6239,18.87142857
43,5222,503,1079,196,0,6236,18.67142857
43.25,5221,501,1081,197,0,6253,18.41428571
43.5,5218,503,1081,198,0,6258,18.45714286
43.75,5217,499,1085,199,0,6254,18.61428571
44,5217,495,1087,201,0,6260,18.72857143
44.25,5217,493,1089,201,0,6251,18.9
44.5,5215,493,1089,203,0,6234,18.87142857
44.75,5213,491,1091,205,0,6232,18.75714286
45,5212,490,1093,205,0,6224,18.67142857
45.25,5212,489,1093,206,0,6232,18.7
45.5,5212,488,1092,208,0,6236,18.84285714
45.75,5212,486,1094,208,0,6236,18.8
46,5212,485,1092,211,0,6233,18.9
46.25,5212,480,1096,212,0,6236,18.97142857
46.5,5210,476,1100,214,0,6241,18.87142857
46.75,5210,475,1097,218,0,6245,18.84285714
47,5210,471,1100,219,0,6243,18.82857143
47.25,5210,467,1103,220,0,6232,19.17142857
47.5,5210,465,1104,221,0,6225,19.1
47.75,5210,462,1105,223,0,6216,19.22857143
48,5207,462,1105,226,0,6200,19.3
48.25,5207,457,1110,226,0,6203,19.22857143
48.5,5207,457,1109,227,0,6187,19.35714286
48.75,5206,456,1111,227,0,6183,19.34285714
49,5206,453,1112,229,0,6177,19.48571429
49.25,5206,450,1114,230,0,6166,19.45714286
49.5,5206,449,1113,232,0,6170,19.32857143
49.75,5204,448,1115,233,0,6167,19.42857143
50,5203,444,1120,233,0,6169,19.27142857
50.25,5203,444,1120,233,0,6167,19.11428571
50.5,5203,438,1124,235,0,6183,19.02857143
50.75,5203,436,1126,235,0,6186,19.01428571
51,5203,434,1126,237,0,6178,19.01428571
51.25,5200,432,1129,239,0,6181,19.17142857
51.5,5199,431,1127,243,0,6222,18.67142857
51.75,5196,432,1128,244,0,6217,18.58571429
52,5196,426,1132,246,0,6213,18.7
52.25,5196,424,1132,248,0,6222,18.64285714
52.5,5194,426,1132,248,0,6226,18.87142857
52.75,5194,423,1133,250,0,6224,18.87142857
53,5194,421,1134,251,0,6213,19.15714286
53.25,5194,420,1133,253,0,6213,18.98571429
53.5,5193,418,1135,254,0,6227,18.78571429
53.75,5193,416,1136,255,0,6226,18.64285714
54,5189,417,1138,256,0,6215,18.67142857
54.25,5186,414,1139,261,0,6222,18.4
54.5,5186,413,1139,262,0,6226,18.45714286
54.75,5186,411,1138,265,0,6246,18.22857143
55,5184,413,1136,267,0,6244,18.17142857
55.25,5184,412,1136,268,0,6245,18.15714286
55.5,5184,412,1136,268,0,6241,18.22857143
55.75,5183,412,1137,268,0,6247,18.3
56,5183,411,1137,269,0,6256,18.25714286
56.25,5183,408,1140,269,0,6255,18.02857143
56.5,5182,408,1139,271,0,6250,17.95714286
56.75,5182,405,1142,271,0,6262,17.71428571
57,5182,405,1138,275,0,6263,17.55714286
57.25,5181,405,1138,276,0,6267,17.62857143
57.5,5181,404,1138,277,0,6245,17.95714286
57.75,5180,401,1142,277,0,6262,17.81428571
58,5180,399,1143,278,0,6258,18.01428571
58.25,5179,398,1142,281,0,6255,17.95714286
58.5,5180,397,1141,282,0,6255,17.87142857
58.75,5180,395,1137,288,0,6249,17.95714286
59,5179,392,1139,290,0,6162,19.8
59.25,5179,388,1140,293,0,5992,23.97142857
59.5,5179,388,1139,294,0,5851,27.82857143
59.75,5179,388,1137,296,0,5701,31.5
60,5179,386,1138,297,0,5566,34.84285714
60.25,5180,383,1141,296,0,5433,38.01428571
60.5,5179,381,1144,296,0,5316,40.7
60.75,5178,380,1144,298,0,5216,43.27142857
61,5177,381,1144,298,0,5106,45.74285714
61.25,5175,381,1145,299,0,5010,48.2
61.5,5175,378,1144,303,0,4939,50.01428571
61.75,5175,376,1145,304,0,4857,51.95714286
62,5174,376,1144,306,0,4771,54.41428571
62.25,5172,376,1146,306,0,4697,56.05714286
62.5,5170,377,1146,307,0,4603,58.18571429
62.75,5170,376,1146,308,0,4535,59.52857143
63,5168,375,1148,309,0,4479,60.95714286
63.25,5165,374,1152,309,0,4427,62.08571429
63.5,5159,378,1153,310,0,4379,63.28571429
63.75,5155,379,1154,312,0,4293,65.04285714
64,5154,378,1153,315,0,4259,66.2
64.25,5153,378,1154,315,0,4221,67.02857143
64.5,5153,372,1160,315,0,4189,68.17142857
64.75,5151,371,1163,315,0,4144,69.27142857
65,5150,366,1169,315,0,4125,70
65.25,5148,367,1170,315,0,4110,70.81428571
65.5,5147,366,1172,315,0,4081,71.32857143
65.75,5146,366,1173,315,0,4055,71.82857143
66,5145,366,1173,316,0,4023,72.47142857
66.25,5143,364,1178,315,0,4007,72.9
66.5,5142,361,1181,316,0,3989,73.5
66.75,5141,360,1182,317,0,3967,74.25714286
67,5136,362,1183,319,0,3931,74.97142857
67.25,5136,359,1183,322,0,3919,75.31428571
67.5,5136,355,1187,322,0,3907,75.52857143
67.75,5132,358,1187,323,0,3885,76.02857143
68,5130,358,1188,324,0,3874,76.38571429
68.25,5130,358,1187,325,0,3871,76.55714286
68.5,5128,359,1187,326,0,3843,77.01428571
68.75,5125,359,1189,327,0,3834,77.21428571
69,5121,362,1190,327,0,3797,77.82857143
69.25,5118,363,1188,331,0,3757,78.51428571
69.5,5113,368,1185,334,0,3753,78.64285714
69.75,5109,369,1186,336,0,3720,78.98571429
70,5108,368,1186,338,0,3723,79.08571429
70.25,5105,364,1191,340,0,3710,79.21428571
70.5,5104,365,1188,343,0,3742,79.38571429
70.75,5103,366,1189,342,0,3765,79.15714286
71,5099,368,1191,342,0,3733,79.27142857
71.25,5094,370,1192,344,0,3730,79.12857143
71.5,5091,372,1191,346,0,3731,79.2
71.75,5089,372,1191,348,0,3698,79.38571429
72,5086,376,1190,348,0,3692,79.78571429
72.25,5081,380,1190,349,0,3684,79.82857143
72.5,5077,384,1185,354,0,3698,79.97142857
72.75,5073,386,1186,355,0,3719,80
73,5073,384,1186,357,0,3737,80.1
73.25,5072,385,1184,359,0,3729,80.24285714
73.5,5067,389,1182,362,0,3723,80.57142857
73.75,5062,391,1182,365,0,3719,80.7
74,5059,391,1184,366,0,3709,80.88571429
74.25,5058,390,1186,366,0,3700,80.97142857
74.5,5056,388,1190,366,0,3710,80.95714286
74.75,5055,387,1191,367,0,3685,81.05714286
75,5053,385,1195,367,0,3676,81.21428571
75.25,5049,386,1197,368,0,3671,81.04285714
75.5,5047,385,1197,371,0,3679,80.92857143
75.75,5046,384,1199,371,0,3670,80.92857143
76,5045,384,1199,372,0,3660,80.94285714
76.25,5044,383,1200,373,0,3674,81.02857143
76.5,5043,383,1199,375,0,3672,81.01428571
76.75,5043,383,1196,378,0,3692,80.74285714
77,5042,380,1200,378,0,3686,80.94285714
77.25,5039,383,1196,382,0,3685,81.01428571
77.5,5036,384,1196,384,0,3655,81.32857143
77.75,5033,385,1197,385,0,3661,81.14285714
78,5032,385,1198,385,0,3663,81.08571429
78.25,5033,384,1199,384,0,3670,81.22857143
78.5,5031,382,1200,387,0,3679,81.18571429
78.75,5029,381,1203,387,0,3665,81.32857143
79,5022,385,1205,388,0,3657,81.34285714
79.25,5019,386,1207,388,0,3651,81.67142857
79.5,5017,388,1206,389,0,3649,81.45714286
79.75,5017,387,1207,389,0,3618,81.47142857
80,5016,385,1209,390,0,3641,81.22857143
80.25,5014,384,1212,390,0,3629,81.55714286
80.5,5014,378,1217,391,0,3634,81.55714286
80.75,5010,378,1219,393,0,3635,81.61428571
81,5010,377,1220,393,0,3632,81.41428571
81.25,5008,372,1227,393,0,3643,81.1
81.5,5003,377,1226,394,0,3659,81.22857143
81.75,5000,379,1226,395,0,3668,81.35714286
82,4996,381,1226,397,0,3631,81.24285714
82.25,4994,378,1230,398,0,3637,81.31428571
82.5,4993,378,1230,399,0,3622,81.64285714
82.75,4990,381,1228,401,0,3636,81.17142857
83,4987,382,1229,402,0,3665,80.81428571
83.25,4986,381,1230,403,0,3679,80.65714286
83.5,4985,380,1231,404,0,3677,80.74285714
83.75,4983,380,1233,404,0,3660,80.62857143
84,4980,378,1236,406,0,3641,81.04285714
84.25,4978,378,1237,407,0,3673,80.6
84.5,4978,377,1237,408,0,3670,80.77142857
84.75,4976,379,1234,411,0,3665,80.62857143
85,4972,380,1236,412,0,3656,80.8
85.25,4971,378,1237,414,0,3666,80.62857143
85.5,4970,377,1239,414,0,3658,80.9
85.75,4967,378,1239,416,0,3659,80.82857143
86,4964,381,1236,419,0,3659,80.88571429
86.25,4963,382,1234,421,0,3666,80.78571429
86.5,4961,380,1236,423,0,3660,80.8
86.75,4954,383,1239,424,0,3657,80.45714286
87,4950,385,1241,424,0,3651,80.57142857
87.25,4945,390,1239,426,0,3639,80.7
87.5,4945,388,1241,426,0,3644,80.62857143
87.75,4943,386,1245,426,0,3650,80.5
88,4941,386,1246,427,0,3634,80.97142857
88.25,4937,385,1250,428,0,3644,80.92857143
88.5,4931,390,1250,429,0,3635,81.22857143
88.75,4930,391,1248,431,0,3652,80.88571429
89,4928,391,1249,432,0,3659,80.92857143
89.25,4921,398,1248,433,0,3661,80.82857143
89.5,4918,401,1248,433,0,3822,76.57142857
89.75,4916,400,1251,433,0,3974,72.98571429
90,4915,401,1251,433,0,4139,69.2
90.25,4913,402,1251,434,0,4288,65.84285714
90.5,4908,406,1251,435,0,4403,62.75714286
90.75,4905,408,1251,436,0,4538,59.52857143
91,4903,408,1249,440,0,4655,56.78571429
91.25,4899,412,1248,441,0,4762,54.42857143
91.5,4899,410,1246,445,0,4835,52.07142857
91.75,4896,412,1247,445,0,4913,49.91428571
92,4895,412,1247,446,0,4999,47.74285714
92.25,4890,414,1247,449,0,5100,45.45714286
92.5,4890,412,1247,451,0,5184,43.52857143
92.75,4888,413,1245,454,0,5262,42.05714286
93,4886,411,1246,457,0,5316,40.45714286
93.25,4885,409,1249,457,0,5392,39.01428571
93.5,4881,412,1248,459,0,5441,37.67142857
93.75,4880,410,1250,460,0,5489,36.4
94,4876,412,1251,461,0,5541,35.15714286
94.25,4876,408,1254,462,0,5594,34.07142857
94.5,4875,407,1253,465,0,5635,32.94285714
94.75,4875,403,1256,466,0,5680,32.1
95,4874,400,1258,468,0,5712,30.97142857
95.25,4873,398,1260,469,0,5753,30.04285714
95.5,4873,396,1261,470,0,5798,29.02857143
95.75,4870,397,1260,473,0,5829,28.38571429
96,4868,396,1260,476,0,5832,27.95714286
96.25,4868,395,1260,477,0,5863,27.48571429
96.5,4867,394,1261,478,0,5887,26.97142857
96.75,4866,394,1260,480,0,5902,26.48571429
97,4866,392,1259,483,0,5922,25.95714286
97.25,4866,390,1260,484,0,5944,25.4
97.5,4866,388,1260,486,0,5970,24.78571429
97.75,4866,387,1259,488,0,5979,24.42857143
98,4866,384,1260,490,0,5991,24.04285714
98.25,4865,383,1262,490,0,6010,23.57142857
98.5,4864,382,1264,490,0,6042,23.04285714
98.75,4864,376,1269,491,0,6029,23.15714286
99,4862,375,1271,492,0,6031,22.97142857
99.25,4861,376,1269,494,0,6047,22.75714286
99.5,4858,376,1271,495,0,6048,22.72857143
99.75,4856,376,1271,497,0,6047,22.68571429
100,4853,379,1269,499,0,6049,22.55714286
100.25,4852,379,1268,501,0,6043,22.3
100.5,4852,376,1270,502,0,6021,22.35714286
100.75,4851,374,1273,502,0,6050,21.94285714
101,4849,373,1275,503,0,6068,21.77142857
101.25,4849,370,1277,504,0,6090,21.67142857
101.5,4847,369,1280,504,0,6112,21.44285714
101.75,4847,365,1283,505,0,6115,21.32857143
102,4847,364,1283,506,0,6118,21.27142857
102.25,4847,360,1287,506,0,6135,21.27142857
102.5,4847,357,1288,508,0,6137,21.04285714
102.75,4847,355,1287,511,0,6136,20.87142857
103,4845,355,1286,514,0,6136,20.68571429
103.25,4844,352,1289,515,0,6159,20.21428571
103.5,4844,350,1288,518,0,6163,19.92857143
103.75,4843,350,1286,521,0,6149,19.98571429
104,4843,350,1285,522,0,6150,19.65714286
104.25,4843,346,1288,523,0,6156,19.5
104.5,4842,345,1289,524,0,6149,19.47142857
104.75,4841,343,1292,524,0,6137,19.78571429
105,4840,343,1293,524,0,6128,19.9
105.25,4839,343,1294,524,0,6132,19.88571429
105.5,4838,342,1294,526,0,6137,19.72857143
105.75,4837,341,1295,527,0,6149,19.54285714
106,4836,342,1294,528,0,6146,19.74285714
106.25,4835,342,1292,531,0,6165,19.55714286
106.5,4835,340,1292,533,0,6158,19.61428571
106.75,4835,339,1291,535,0,6142,20.05714286
107,4834,338,1292,536,0,6154,19.82857143
107.25,4832,339,1291,538,0,6161,19.8
107.5,4831,338,1293,538,0,6158,19.88571429
107.75,4830,336,1295,539,0,6152,19.92857143
108,4828,337,1296,539,0,6151,20.12857143
108.25,4828,336,1292,544,0,6130,20.55714286
108.5,4827,335,1292,546,0,6115,20.67142857
108.75,4827,333,1290,550,0,6126,20.58571429
109,4827,332,1288,553,0,6128,20.54285714
109.25,4826,333,1286,555,0,6133,20.27142857
109.5,4826,332,1287,555,0,6138,20.05714286
109.75,4825,330,1288,557,0,6143,19.98571429
110,4824,330,1287,559,0,6161,19.62857143
110.25,4824,327,1284,565,0,6165,19.34285714
110.5,4823,325,1286,566,0,6184,19.05714286
110.75,4822,324,1287,567,0,6180,19.11428571
111,4822,320,1290,568,0,6197,18.78571429
111.25,4821,321,1287,571,0,6195,18.68571429
111.5,4817,322,1289,572,0,6206,18.55714286
111.75,4817,321,1290,572,0,6212,18.55714286
112,4817,319,1290,574,0,6203,18.81428571
112.25,4816,317,1293,574,0,6200,18.84285714
112.5,4816,316,1291,577,0,6198,18.84285714
112.75,4816,315,1292,577,0,6201,18.84285714
113,4815,314,1293,578,0,6207,18.81428571
113.25,4815,313,1292,580,0,6212,18.87142857
113.5,4812,315,1291,582,0,6209,19.11428571
113.75,4812,312,1291,585,0,6219,19.11428571
114,4812,312,1290,586,0,6205,19.3
114.25,4812,311,1289,588,0,6199,19.24285714
114.5,4810,310,1291,589,0,6210,19.14285714
114.75,4808,312,1290,590,0,6222,18.98571429
115,4808,312,1290,590,0,6210,19.22857143
115.25,4808,310,1290,592,0,6216,19.25714286
115.5,4808,307,1292,593,0,6217,19.21428571
115.75,4808,306,1293,593,0,6212,19.05714286
116,4808,306,1290,596,0,6207,18.78571429
116.25,4807,304,1290,599,0,6217,18.84285714
116.5,4807,300,1293,600,0,6231,18.67142857
116.75,4804,302,1291,603,0,6231,18.72857143
117,4801,305,1290,604,0,6238,18.51428571
117.25,4801,304,1288,607,0,6239,18.42857143
117.5,4801,302,1289,608,0,6242,18.41428571
117.75,4800,303,1288,609,0,6253,18.01428571
118,4797,305,1288,610,0,6256,18.18571429
118.25,4796,306,1286,612,0,6262,18.02857143
118.5,4796,305,1286,613,0,6251,18.24285714
118.75,4794,306,1284,616,0,6236,18.32857143
119,4794,306,1282,618,0,6231,18.3
119.25,4794,305,1282,619,0,6234,18.14285714
119.5,4792,305,1284,619,0,6226,18.4
119.75,4792,302,1287,619,0,6242,18.31428571
120,4790,301,1289,620,0,6221,18.41428571
120.25,4790,294,1294,622,0,6216,18.55714286
120.5,4790,291,1295,624,0,6210,18.51428571
120.75,4790,290,1295,625,0,6211,18.58571429
121,4788,291,1295,626,0,6194,18.64285714
121.25,4787,292,1292,629,0,6206,18.52857143
121.5,4787,289,1293,631,0,6205,18.57142857
121.75,4787,287,1291,635,0,6195,18.7
122,4785,288,1290,637,0,6210,18.8
122.25,4785,286,1291,638,0,6200,18.51428571
122.5,4785,282,1294,639,0,6209,18.64285714
122.75,4785,281,1293,641,0,6207,18.68571429
123,4785,279,1294,642,0,6208,18.51428571
123.25,4785,279,1293,643,0,6203,18.47142857
123.5,4785,279,1291,645,0,6198,18.55714286
123.75,4785,278,1291,646,0,6197,18.42857143
124,4785,277,1291,647,0,6204,18.35714286
124.25,4785,276,1287,652,0,6212,18.14285714
124.5,4784,270,1293,653,0,6203,18.41428571
124.75,4784,269,1292,655,0,6195,18.62857143
125,4784,267,1294,655,0,6216,18.32857143
125.25,4783,268,1294,655,0,6225,18.17142857
125.5,4780,270,1293,657,0,6233,18.04285714
125.75,4778,271,1294,657,0,6222,18.3
126,4777,270,1294,659,0,6240,18.1
126.25,4777,269,1295,659,0,6238,18.2
126.5,4778,268,1293,661,0,6230,18.54285714
126.75,4776,267,1295,662,0,6231,18.51428571
127,4775,261,1301,663,0,6233,18.48571429
127.25,4775,260,1300,665,0,6247,18.18571429
127.5,4775,260,1299,666,0,6247,18.1
127.75,4773,261,1300,666,0,6243,18.17142857
128,4772,262,1298,668,0,6242,18.07142857
128.25,4773,257,1303,667,0,6239,18.11428571
128.5,4772,257,1303,668,0,6226,18.41428571
128.75,4772,255,1303,670,0,6221,18.45714286
129,4768,258,1303,671,0,6239,18.17142857
129.25,4767,257,1305,671,0,6233,18.25714286
129.5,4767,256,1304,673,0,6232,18.4
129.75,4767,256,1304,673,0,6243,18.38571429
130,4767,254,1306,673,0,6241,18.45714286
130.25,4766,255,1304,675,0,6245,18.31428571
130.5,4766,253,1306,675,0,6247,18.28571429
130.75,4763,253,1307,677,0,6251,18.51428571
131,4763,253,1306,678,0,6244,18.81428571
131.25,4762,253,1307,678,0,6221,18.92857143
131.5,4761,253,1307,679,0,6218,19.04285714
131.75,4761,251,1307,681,0,6206,19.07142857
132,4757,253,1308,682,0,6212,19.17142857
132.25,4756,254,1307,683,0,6209,19.27142857
132.5,4756,254,1307,683,0,6213,19.02857143
132.75,4756,252,1305,687,0,6203,19.21428571
133,4755,252,1306,687,0,6206,19.08571429
133.25,4753,251,1307,689,0,6198,19.17142857
133.5,4751,252,1307,690,0,6199,19.2
133.75,4751,251,1307,691,0,6204,19
134,4750,250,1308,692,0,6206,18.84285714
134.25,4748,251,1307,694,0,6214,18.78571429
134.5,4747,252,1306,695,0,6231,18.68571429
134.75,4746,251,1304,699,0,6226,18.71428571
135,4746,248,1307,699,0,6215,18.65714286
135.25,4746,247,1306,701,0,6223,18.32857143
135.5,4745,247,1304,704,0,6218,18.25714286
135.75,4744,245,1304,707,0,6202,18.68571429
136,4741,248,1302,709,0,6218,18.52857143
136.25,4741,244,1305,710,0,6212,18.61428571
136.5,4741,241,1307,711,0,6185,18.84285714
136.75,4740,240,1308,712,0,6195,18.65714286
137,4739,238,1311,712,0,6196,18.8
137.25,4739,238,1311,712,0,6186,18.91428571
137.5,4737,240,1311,712,0,6189,18.97142857
137.75,4737,240,1309,714,0,6201,18.88571429
138,4736,237,1310,717,0,6209,19.07142857
138.25,4736,237,1309,718,0,6209,19.14285714
138.5,4736,235,1310,719,0,6213,19.2
138.75,4734,234,1312,720,0,6206,19.31428571
139,4733,234,1312,721,0,6212,19.28571429
139.25,4733,231,1315,721,0,6191,19.54285714
139.5,4733,231,1315,721,0,6181,19.58571429
139.75,4732,232,1313,723,0,6194,19.64285714
140,4731,232,1314,723,0,6200,19.48571429
140.25,4731,233,1312,724,0,6203,19.31428571
140.5,4730,234,1311,725,0,6194,19.31428571
140.75,4728,236,1309,727,0,6183,19.62857143
141,4727,233,1311,729,0,6169,19.64285714
141.25,4727,233,1310,730,0,6176,19.48571429
141.5,4726,234,1306,734,0,6187,19.1
141.75,4725,234,1305,736,0,6184,19.02857143
142,4724,234,1306,736,0,6190,19.01428571
142.25,4724,234,1303,739,0,6210,18.88571429
142.5,4722,235,1303,740,0,6203,19.02857143
142.75,4722,235,1303,740,0,6218,18.82857143
143,4722,233,1305,740,0,6223,18.74285714
143.25,4720,236,1305,739,0,6225,18.45714286
143.5,4720,235,1302,743,0,6220,18.6
143.75,4720,235,1301,744,0,6209,18.84285714
144,4720,233,1302,745,0,6200,19.05714286
144.25,4719,234,1300,747,0,6193,19.04285714
144.5,4719,234,1300,747,0,6186,19.3
144.75,4717,234,1299,750,0,6182,19.27142857
145,4717,233,1298,752,0,6179,19.58571429
145.25,4716,234,1297,753,0,6152,19.95714286
145.5,4716,234,1293,757,0,6145,19.9
145.75,4716,234,1292,758,0,6162,19.72857143
146,4714,235,1289,762,0,6152,19.98571429
146.25,4713,236,1288,763,0,6150,19.94285714
146.5,4714,235,1287,764,0,6146,20.07142857
146.75,4714,235,1287,764,0,6137,20.28571429
147,4714,234,1286,766,0,6113,20.51428571
147.25,4714,233,1286,767,0,6102,20.55714286
147.5,4713,234,1284,769,0,5980,23.72857143
147.75,4713,234,1283,770,0,5829,27.32857143
148,4713,234,1280,773,0,5675,30.77142857
148.25,4713,234,1278,775,0,5527,34.18571429
148.5,4711,233,1279,777,0,5384,37.28571429
148.75,4710,233,1278,779,0,5279,40.02857143
149,4709,234,1276,781,0,5166,42.77142857
149.25,4708,235,1274,783,0,5065,45.3
149.5,4705,238,1273,784,0,4992,47.58571429
149.75,4706,236,1274,784,0,4884,49.9
150,4704,235,1277,784,0,4785,52.35714286
150.25,4702,234,1279,785,0,4730,54.04285714
150.5,4700,237,1277,786,0,4656,55.87142857
150.75,4700,236,1278,786,0,4583,57.54285714
151,4699,234,1279,788,0,4503,59.2
151.25,4698,232,1280,790,0,4446,60.42857143
151.5,4696,232,1279,793,0,4373,61.9
151.75,4694,232,1280,794,0,4311,63.15714286
152,4694,230,1281,795,0,4259,64.62857143
152.25,4691,230,1281,798,0,4233,65.28571429
152.5,4688,232,1280,800,0,4195,66.17142857
152.75,4688,232,1278,802,0,4161,67.01428571
153,4686,233,1278,803,0,4120,67.88571429
153.25,4684,233,1279,804,0,4073,68.98571429
153.5,4682,234,1279,805,0,4028,69.95714286
153.75,4681,235,1277,807,0,3994,70.95714286
154,4677,239,1277,807,0,3948,71.92857143
154.25,4674,238,1277,811,0,3928,72.41428571
154.5,4673,237,1278,812,0,3894,73.07142857
154.75,4669,240,1277,814,0,3869,73.62857143
155,4667,240,1277,816,0,3848,73.97142857
155.25,4664,243,1276,817,0,3826,74.51428571
155.5,4662,244,1276,818,0,3804,74.78571429
155.75,4661,244,1277,818,0,3806,75.1
156,4661,242,1278,819,0,3796,75.57142857
156.25,4656,245,1276,823,0,3776,76.14285714
156.5,4655,245,1277,823,0,3768,75.91428571
156.75,4655,242,1280,823,0,3936,72.41428571
157,4652,242,1279,827,0,4078,68.97142857
157.25,4650,244,1278,828,0,4222,65.9
157.5,4648,245,1278,829,0,4369,62.58571429
157.75,4647,246,1276,831,0,4498,59.78571429
158,4642,249,1278,831,0,4607,57.34285714
158.25,4641,248,1279,832,0,4731,54.75714286
158.5,4639,250,1279,832,0,4867,51.85714286
158.75,4639,248,1278,835,0,4957,49.8
159,4635,250,1278,837,0,5043,47.75714286
159.25,4630,254,1275,841,0,5125,45.92857143
159.5,4630,254,1273,843,0,5211,44.01428571
159.75,4629,254,1272,845,0,5305,42.1
160,4628,254,1271,847,0,5337,40.68571429
160.25,4627,252,1273,848,0,5375,39.41428571
160.5,4626,251,1273,850,0,5415,38.41428571
160.75,4625,252,1273,850,0,5454,37.17142857
161,4624,252,1272,852,0,5494,35.9
161.25,4623,252,1273,852,0,5552,34.75714286
161.5,4620,254,1273,853,0,5589,33.72857143
161.75,4619,254,1270,857,0,5609,32.77142857
162,4617,256,1268,859,0,5664,31.57142857
162.25,4617,255,1265,863,0,5701,30.58571429
162.5,4617,252,1266,865,0,5739,29.84285714
162.75,4616,252,1267,865,0,5760,29.27142857
163,4616,248,1269,867,0,5804,28.54285714
163.25,4616,247,1268,869,0,5841,27.74285714
163.5,4616,245,1267,872,0,5884,27.07142857
163.75,4616,244,1267,873,0,5907,26.51428571
164,4614,246,1267,873,0,5940,26.07142857
164.25,4614,244,1268,874,0,5950,25.81428571
164.5,4613,245,1265,877,0,5972,25.32857143
164.75,4613,243,1266,878,0,6012,24.51428571
165,4612,243,1267,878,0,6026,24.2
165.25,4610,245,1266,879,0,6029,24.05714286
165.5,4610,245,1264,881,0,6058,23.58571429
165.75,4607,248,1262,883,0,6059,23.27142857
166,4607,245,1264,884,0,6083,22.8
166.25,4607,244,1264,885,0,6089,22.64285714
166.5,4606,244,1263,887,0,6109,21.98571429
166.75,4605,242,1264,889,0,6109,22.05714286
167,4604,242,1261,893,0,6115,21.88571429
167.25,4601,244,1262,893,0,6121,21.81428571
167.5,4598,246,1262,894,0,6147,21.24285714
167.75,4597,245,1262,896,0,6146,21.42857143
168,4596,242,1264,898,0,6144,21.15714286
