time,s,e,i,r,mandate,complying,on_floor,away_percent,compliance_q1,compliance_q2,compliance_q3,compliance_q4,infectious_q1,infectious_q2,infectious_q3,infectious_q4
0,7396,204,100,0,0,0,0,0,0,0,0,0,0,0,0,0
0.25,7396,204,100,0,0,0,0,0,0,0,0,0,0,0,0,0
0.5,7396,204,100,0,0,0,1,0.01298701299,0,0,0,0,0,0,0,0
0.75,7396,204,100,0,0,2,5,0.06493506494,0,1,0,0,0,0,0,0
1,7396,204,100,0,0,3,7,0.09090909091,0,0.5,0,0.5,0,0,0,0
1.25,7396,204,100,0,0,4,7,0.09090909091,0,0.5,0,0.5,0,0,0,0
1.5,7396,204,100,0,0,5,8,0.1038961039,0,0.5,0,0.6666666667,0,0,0,0
1.75,7396,204,100,0,0,6,9,0.1168831169,0.3333333333,0.5,0,0.6666666667,0,0,0,0
2,7396,204,100,0,0,10,10,0.1298701299,0.75,0.5,0.5,0.5,0,0,0,0
2.25,7396,204,100,0,0,11,13,0.1688311688,0.8,0.3333333333,0.5,0.3333333333,0,0,0,0
2.5,7396,204,100,0,0,11,15,0.1948051948,0.6,0.3333333333,0.5,0.3333333333,0,0,0.25,0
2.75,7396,204,100,0,0,12,18,0.2337662338,0.5,0.3333333333,0.4,0.25,0,0,0.2,0
3,7396,204,99,1,0,13,16,0.2077922078,0.25,0.25,0.3333333333,0.2,0,0,0.3333333333,0
3.25,7396,204,99,1,0,14,20,0.2597402597,0.25,0.1666666667,0.5,0.1666666667,0,0,0.25,0
3.5,7396,203,99,2,0,19,22,0.2857142857,0.4,0.1666666667,0.5,0.4285714286,0,0,0.25,0
3.75,7396,203,99,2,0,26,32,0.4155844156,0.25,0.25,0.625,0.625,0,0,0.125,0
4,7396,203,99,2,0,33,50,0.6493506494,0.25,0.3,0.3846153846,0.4666666667,0,0,0.07692307692,0
4.25,7396,201,101,2,0,47,60,0.7792207792,0.2307692308,0.3846153846,0.5,0.5625,0,0,0.05555555556,0
4.5,7396,199,103,2,0,53,62,0.8051948052,0.25,0.3571428571,0.375,0.5625,0.0625,0,0.0625,0
4.75,7396,198,104,2,0,63,66,0.8571428571,0.2777777778,0.4615384615,0.3888888889,0.6470588235,0.05555555556,0,0.05555555556,0
5,7396,198,104,2,0,69,71,0.9220779221,0.3157894737,0.5333333333,0.35,0.6470588235,0.05263157895,0,0.05,0
5.25,7396,198,104,2,0,78,80,1.038961039,0.3636363636,0.6111111111,0.4,0.65,0.09090909091,0,0.05,0
5.5,7396,197,105,2,0,88,98,1.272727273,0.3703703704,0.5,0.3846153846,0.7368421053,0.07407407407,0,0.03846153846,0
5.75,7396,197,105,2,0,113,137,1.779220779,0.3225806452,0.5,0.3888888889,0.7777777778,0.06451612903,0,0.02777777778,0
6,7396,196,106,2,0,141,173,2.246753247,0.4090909091,0.4222222222,0.4255319149,0.7837837838,0.04545454545,0,0.02127659574,0
6.25,7396,196,106,2,0,160,201,2.61038961,0.4166666667,0.3846153846,0.4727272727,0.7173913043,0.04166666667,0,0.01818181818,0
6.5,7396,196,106,2,0,200,262,3.402597403,0.4677419355,0.3880597015,0.5294117647,0.6769230769,0.03225806452,0.01492537313,0.01470588235,0
6.75,7396,196,105,3,0,271,368,4.779220779,0.54,0.41,0.5294117647,0.6506024096,0.02,0.01,0.02352941176,0.01204819277
7,7396,194,107,3,0,344,456,5.922077922,0.546875,0.4262295082,0.6226415094,0.69,0.015625,0.01639344262,0.01886792453,0.01
7.25,7396,193,108,3,0,423,557,7.233766234,0.5369127517,0.4761904762,0.6666666667,0.6511627907,0.01342281879,0.01360544218,0.02272727273,0.007751937984
7.5,7396,193,108,3,0,494,639,8.298701299,0.5204678363,0.5028901734,0.6713286713,0.6710526316,0.01169590643,0.01734104046,0.02097902098,0.01315789474
7.75,7396,193,108,3,0,564,734,9.532467532,0.5153061224,0.53,0.6848484848,0.676300578,0.01020408163,0.015,0.01818181818,0.01156069364
8,7396,190,111,3,0,638,827,10.74025974,0.5339366516,0.55,0.6830601093,0.6403940887,0.01357466063,0.01363636364,0.01639344262,0.009852216749
8.25,7396,190,111,3,0,727,908,11.79220779,0.5450980392,0.5579399142,0.687804878,0.6837209302,0.01568627451,0.01716738197,0.01463414634,0.009302325581
8.5,7396,190,111,3,0,787,975,12.66233766,0.5404411765,0.560483871,0.6470588235,0.688034188,0.01470588235,0.01612903226,0.01357466063,0.008547008547
8.75,7396,189,112,3,0,873,1060,13.76623377,0.5551724138,0.5677655678,0.6527196653,0.7054263566,0.01379310345,0.01465201465,0.01255230126,0.01550387597
9,7396,189,112,3,0,927,1112,14.44155844,0.5392156863,0.5496453901,0.6546184739,0.6981818182,0.01307189542,0.01063829787,0.02008032129,0.01454545455
9.25,7396,189,112,3,0,989,1160,15.06493506,0.5241157556,0.5481727575,0.6525096525,0.7024221453,0.01286173633,0.009966777409,0.01930501931,0.01384083045
9.5,7396,188,113,3,0,1139,1354,17.58441558,0.5223463687,0.5584045584,0.6645367412,0.6897590361,0.01396648045,0.008547008547,0.01597444089,0.01204819277
9.75,7396,187,114,3,0,1318,1575,20.45454545,0.5341463415,0.5623471883,0.6755319149,0.6921052632,0.01219512195,0.007334963325,0.01329787234,0.01315789474
10,7396,187,114,3,0,1465,1767,22.94805195,0.5140997831,0.5651214128,0.6736596737,0.7099056604,0.01518438178,0.008830022075,0.01398601399,0.01886792453
10.25,7396,187,113,4,0,1603,1937,25.15584416,0.5019685039,0.5815899582,0.6680672269,0.7010526316,0.01377952756,0.006276150628,0.02100840336,0.01684210526
10.5,7396,186,114,4,0,1751,2130,27.66233766,0.5037313433,0.578358209,0.6310861423,0.7080152672,0.01679104478,0.007462686567,0.01685393258,0.01526717557
10.75,7396,186,114,4,0,1890,2278,29.58441558,0.5095652174,0.5677530017,0.6285211268,0.7101449275,0.01739130435,0.006861063465,0.01584507042,0.01449275362
11,7395,187,114,4,0,2019,2430,31.55844156,0.494214876,0.5634028892,0.6247906198,0.7123966942,0.01818181818,0.006420545746,0.01507537688,0.01487603306
11.25,7395,186,115,4,0,2136,2572,33.4025974,0.4789391576,0.5613496933,0.6257861635,0.7153965785,0.01872074883,0.009202453988,0.01729559748,0.01399688958
11.5,7394,187,115,4,0,2260,2684,34.85714286,0.4715568862,0.5659824047,0.6251851852,0.7086494689,0.01796407186,0.008797653959,0.0162962963,0.01213960546
11.75,7394,186,116,4,0,2398,2784,36.15584416,0.4806866953,0.5619596542,0.6413199426,0.7060518732,0.0200286123,0.01008645533,0.01578192253,0.01585014409
12,7394,186,116,4,0,2501,2897,37.62337662,0.472899729,0.5567867036,0.6251728907,0.6988795518,0.0189701897,0.009695290859,0.01521438451,0.01540616246
12.25,7394,186,116,4,0,2641,2992,38.85714286,0.4851228978,0.5576662144,0.6198675497,0.704264099,0.01940491591,0.01085481682,0.01456953642,0.015130674
12.5,7394,186,116,4,0,2754,3077,39.96103896,0.482278481,0.5606469003,0.614213198,0.6974900925,0.02025316456,0.01078167116,0.01269035533,0.01453104359
12.75,7394,186,115,5,0,2857,3170,41.16883117,0.4792176039,0.5587467363,0.6114570361,0.6883780332,0.0195599022,0.01044386423,0.01120797011,0.01277139208
13,7394,186,115,5,0,2960,3230,41.94805195,0.4788391778,0.5522580645,0.6045949214,0.6878901373,0.02055622733,0.01032258065,0.01330108827,0.01248439451
13.25,7394,184,117,5,0,3060,3313,43.02597403,0.4757969303,0.5417185554,0.605450237,0.6800976801,0.0212514758,0.01120797011,0.01421800948,0.01343101343
13.5,7394,181,120,5,0,3139,3393,44.06493506,0.4731934732,0.5404101327,0.5979262673,0.669451074,0.02214452214,0.01326899879,0.01382488479,0.01431980907
13.75,7394,181,120,5,0,3230,3424,44.46753247,0.4715447154,0.5230769231,0.6089449541,0.6643026005,0.01974448316,0.01301775148,0.01605504587,0.01536643026
14,7394,181,119,6,0,3344,3378,43.87012987,0.4619952494,0.523923445,0.6078431373,0.6674669868,0.0190023753,0.01315789474,0.01499423299,0.01680672269
14.25,7394,181,119,6,0,3428,3329,43.23376623,0.4602409639,0.5229468599,0.6051703878,0.6475609756,0.01807228916,0.01328502415,0.01292596945,0.01707317073
14.5,7394,180,120,6,0,3513,3289,42.71428571,0.4653705954,0.5220588235,0.6057692308,0.6356968215,0.01579586877,0.01470588235,0.01322115385,0.01711491443
14.75,7394,180,120,6,0,3595,3254,42.25974026,0.4619164619,0.5141104294,0.6002444988,0.6356877323,0.01597051597,0.01595092025,0.01344743276,0.01610904585
15,7394,180,120,6,0,3678,3231,41.96103896,0.4611590629,0.508135169,0.594095941,0.6361386139,0.01479654747,0.01627033792,0.0135301353,0.01732673267
15.25,7394,179,121,6,0,3787,3161,41.05194805,0.4730913642,0.5175552666,0.5845959596,0.631710362,0.01752190238,0.01690507152,0.01262626263,0.01622971286
15.5,7394,179,121,6,0,3876,3093,40.16883117,0.4585987261,0.5237449118,0.5874840358,0.633248731,0.0178343949,0.01492537313,0.01277139208,0.01649746193
15.75,7394,179,121,6,0,3973,3003,39,0.4552736983,0.5238744884,0.5782664942,0.6256684492,0.0173564753,0.01500682128,0.01293661061,0.01737967914
16,7394,176,124,6,0,4094,2967,38.53246753,0.4733242134,0.53125,0.5798429319,0.6222826087,0.01915184679,0.01494565217,0.01439790576,0.01902173913
16.25,7394,176,124,6,0,4153,2913,37.83116883,0.4627071823,0.528511822,0.5729585007,0.6141078838,0.01933701657,0.01390820584,0.01472556894,0.01798063624
16.5,7394,176,124,6,0,4239,2852,37.03896104,0.4632454924,0.5219858156,0.5576923077,0.6146131805,0.01941747573,0.01560283688,0.01648351648,0.01862464183
16.75,7394,176,124,6,0,4324,2797,36.32467532,0.4611032532,0.5028901734,0.5552407932,0.6141618497,0.02121640736,0.01300578035,0.01416430595,0.01734104046
17,7394,176,124,6,0,4450,2695,35,0.4673439768,0.5104477612,0.5555555556,0.6165644172,0.02177068215,0.01343283582,0.01315789474,0.01533742331
17.25,7394,172,128,6,0,4542,2616,33.97402597,0.4567164179,0.4968553459,0.5635276532,0.6068642746,0.01791044776,0.0141509434,0.01644245142,0.01716068643
17.5,7394,171,129,6,0,4622,2534,32.90909091,0.4336419753,0.5055643879,0.5588235294,0.6170212766,0.01543209877,0.01271860095,0.01547987616,0.0147299509
17.75,7393,172,129,6,0,4682,2486,32.28571429,0.421630094,0.4943273906,0.5536277603,0.6113902848,0.01567398119,0.01458670989,0.01577287066,0.01507537688
18,7393,172,129,6,0,4752,2431,31.57142857,0.4111111111,0.5032786885,0.5424836601,0.6165803109,0.01428571429,0.01475409836,0.01797385621,0.01554404145
18.25,7393,172,129,6,0,4827,2353,30.55844156,0.4,0.5102739726,0.541038526,0.6247755835,0.01300813008,0.0154109589,0.01842546064,0.01615798923
18.5,7393,172,129,6,0,4936,2221,28.84415584,0.3996539792,0.5071684588,0.5469314079,0.6177024482,0.01384083045,0.01612903226,0.01985559567,0.01694915254
18.75,7393,172,129,6,0,5001,2117,27.49350649,0.3745387454,0.5,0.5394736842,0.6123260437,0.01291512915,0.01481481481,0.02255639098,0.01590457256
19,7393,171,130,6,0,5064,2057,26.71428571,0.3638095238,0.4961538462,0.538606403,0.6112266112,0.01333333333,0.01346153846,0.02071563089,0.01663201663
19.25,7393,170,130,7,0,5158,1953,25.36363636,0.3663366337,0.506147541,0.55,0.6217391304,0.01386138614,0.01229508197,0.018,0.01739130435
19.5,7393,170,130,7,0,5246,1805,23.44155844,0.3675213675,0.4874715262,0.5593952484,0.632183908,0.01495726496,0.01138952164,0.0151187905,0.01609195402
19.75,7392,170,131,7,0,5302,1682,21.84415584,0.3564814815,0.4644670051,0.5477272727,0.6129807692,0.01851851852,0.0152284264,0.01136363636,0.01682692308
20,7392,170,131,7,0,5355,1568,20.36363636,0.3472906404,0.4450549451,0.5317073171,0.6159793814,0.0197044335,0.01648351648,0.01219512195,0.01546391753
20.25,7392,170,131,7,0,5419,1463,19,0.3424657534,0.443148688,0.5322997416,0.6032608696,0.01643835616,0.01749271137,0.01291989664,0.01358695652
20.5,7392,170,131,7,0,5472,1383,17.96103896,0.3556851312,0.436746988,0.521978022,0.5988372093,0.01749271137,0.01204819277,0.01373626374,0.01453488372
20.75,7392,169,132,7,0,5522,1320,17.14285714,0.375,0.449044586,0.4985590778,0.587020649,0.01875,0.0127388535,0.01152737752,0.01474926254
21,7392,168,132,8,0,5573,1268,16.46753247,0.3692810458,0.4605263158,0.5015015015,0.6,0.01960784314,0.01315789474,0.01201201201,0.01230769231
21.25,7392,167,133,8,0,5627,1198,15.55844156,0.3745704467,0.4634146341,0.5148514851,0.5899053628,0.01718213058,0.01045296167,0.01320132013,0.01261829653
21.5,7392,166,134,8,0,5675,1140,14.80519481,0.3602941176,0.468401487,0.5266666667,0.5953177258,0.01470588235,0.007434944238,0.01333333333,0.01337792642
21.75,7392,166,134,8,0,5720,1086,14.1038961,0.3807692308,0.4789272031,0.5357142857,0.5719298246,0.01538461538,0.01149425287,0.01428571429,0.01403508772
22,7392,166,134,8,0,5755,1035,13.44155844,0.384,0.4661354582,0.520754717,0.5724907063,0.016,0.01195219124,0.01132075472,0.01486988848
22.25,7392,165,135,8,0,5779,1012,13.14285714,0.3855932203,0.453815261,0.5057034221,0.5681818182,0.01694915254,0.008032128514,0.01140684411,0.02651515152
22.5,7392,165,135,8,0,5812,960,12.46753247,0.3537735849,0.4537815126,0.5,0.5730769231,0.01886792453,0.004201680672,0.012,0.02307692308
22.75,7392,164,136,8,0,5829,952,12.36363636,0.3674418605,0.429787234,0.5061728395,0.5675675676,0.01395348837,0.008510638298,0.008230452675,0.02702702703
23,7391,164,137,8,0,5852,922,11.97402597,0.3601895735,0.44,0.4957983193,0.5524193548,0.01895734597,0.008888888889,0.008403361345,0.02822580645
23.25,7391,163,138,8,0,5898,825,10.71428571,0.3582089552,0.4226804124,0.4904761905,0.5409090909,0.01492537313,0.005154639175,0.01428571429,0.02727272727
23.5,7391,163,138,8,0,5959,716,9.298701299,0.3662790698,0.3882352941,0.5,0.5526315789,0.01162790698,0.005882352941,0.01630434783,0.03157894737
23.75,7391,163,138,8,0,6009,625,8.116883117,0.3594771242,0.3846153846,0.496969697,0.5609756098,0.006535947712,0.006993006993,0.01818181818,0.03048780488
24,7391,163,138,8,0,6045,552,7.168831169,0.3308823529,0.4015748031,0.4791666667,0.5517241379,0.007352941176,0.007874015748,0.02083333333,0.03448275862
24.25,7391,163,138,8,0,6087,485,6.298701299,0.3275862069,0.407079646,0.5118110236,0.5426356589,0.008620689655,0.008849557522,0.02362204724,0.03875968992
24.5,7391,163,138,8,0,6122,418,5.428571429,0.320754717,0.3917525773,0.5137614679,0.5377358491,0.009433962264,0,0.02752293578,0.04716981132
24.75,7391,163,138,8,0,6166,361,4.688311688,0.3267326733,0.421686747,0.5340909091,0.6179775281,0.009900990099,0,0.02272727273,0.04494382022
25,7391,163,138,8,0,6193,312,4.051948052,0.3214285714,0.4285714286,0.5421686747,0.6,0.0119047619,0,0.02409638554,0.04
25.25,7391,162,139,8,0,6198,291,3.779220779,0.3026315789,0.421875,0.5063291139,0.5694444444,0.01315789474,0,0.0253164557,0.04166666667
25.5,7391,162,139,8,0,6212,270,3.506493506,0.3333333333,0.4576271186,0.4666666667,0.5671641791,0.01449275362,0,0.02666666667,0.0447761194
25.75,7391,161,140,8,0,6230,240,3.116883117,0.3559322034,0.4363636364,0.4776119403,0.5593220339,0.01694915254,0,0.02985074627,0.05084745763
26,7391,160,141,8,0,6243,218,2.831168831,0.3773584906,0.4375,0.46875,0.5660377358,0.01886792453,0,0.03125,0.03773584906
26.25,7391,160,141,8,0,6245,206,2.675324675,0.3529411765,0.4222222222,0.4677419355,0.5208333333,0.01960784314,0,0.03225806452,0.04166666667
26.5,7391,160,141,8,0,6248,192,2.493506494,0.347826087,0.3571428571,0.45,0.4772727273,0.02173913043,0,0.03333333333,0.04545454545
26.75,7391,160,141,8,0,6251,182,2.363636364,0.2926829268,0.3414634146,0.4406779661,0.4634146341,0.0243902439,0,0.03389830508,0.0487804878
27,7391,159,142,8,0,6254,174,2.25974026,0.2820512821,0.325,0.4363636364,0.45,0.02564102564,0,0.03636363636,0.05
27.25,7391,159,142,8,0,6260,163,2.116883117,0.2702702703,0.3157894737,0.431372549,0.4594594595,0.02702702703,0,0.01960784314,0.05405405405
27.5,7391,159,142,8,0,6263,161,2.090909091,0.2777777778,0.3658536585,0.4489795918,0.4285714286,0.02777777778,0,0.02040816327,0.05714285714
27.75,7391,159,142,8,0,6270,152,1.974025974,0.2857142857,0.3243243243,0.4468085106,0.4242424242,0.02857142857,0,0.02127659574,0.06060606061
28,7391,159,142,8,0,6275,142,1.844155844,0.2941176471,0.3125,0.4565217391,0.3666666667,0.02941176471,0,0.02173913043,0.06666666667
28.25,7391,156,145,8,0,6283,135,1.753246753,0.303030303,0.3448275862,0.5,0.3703703704,0.0303030303,0,0.02173913043,0.07407407407
28.5,7391,156,145,8,0,6288,133,1.727272727,0.34375,0.3103448276,0.5,0.3928571429,0.03125,0,0.02272727273,0.07142857143
28.75,7391,156,145,8,0,6295,128,1.662337662,0.34375,0.3571428571,0.5,0.4615384615,0.03125,0,0.02380952381,0.07692307692
29,7391,156,145,8,0,6301,125,1.623376623,0.375,0.3928571429,0.5,0.52,0.03125,0,0.025,0.08
29.25,7391,156,145,8,0,6304,120,1.558441558,0.3333333333,0.4347826087,0.475,0.5416666667,0.0303030303,0,0.025,0.08333333333
29.5,7391,156,145,8,0,6300,136,1.766233766,0.3513513514,0.4074074074,0.5,0.5666666667,0.02702702703,0.03703703704,0.02380952381,0.06666666667
29.75,7391,156,145,8,0,6284,179,2.324675325,0.3269230769,0.4722222222,0.48,0.5609756098,0.01923076923,0.02777777778,0.02,0.0487804878
30,7391,156,145,8,0,6268,214,2.779220779,0.3333333333,0.4523809524,0.453125,0.5625,0.01666666667,0.04761904762,0.015625,0.04166666667
30.25,7391,156,145,8,0,6247,246,3.194805195,0.3648648649,0.4347826087,0.4411764706,0.4482758621,0.01351351351,0.04347826087,0.01470588235,0.03448275862
30.5,7391,156,145,8,0,6242,269,3.493506494,0.3855421687,0.4375,0.4054054054,0.5,0.01204819277,0.04166666667,0.01351351351,0.03125
30.75,7391,156,145,8,0,6213,337,4.376623377,0.3465346535,0.3606557377,0.4347826087,0.5180722892,0.0198019802,0.03278688525,0.01086956522,0.02409638554
31,7391,154,147,8,0,6193,408,5.298701299,0.3524590164,0.4225352113,0.4615384615,0.4795918367,0.02459016393,0.02816901408,0.008547008547,0.02040816327
31.25,7391,153,148,8,0,6140,512,6.649350649,0.3219178082,0.396039604,0.4533333333,0.4695652174,0.02054794521,0.0297029703,0.006666666667,0.01739130435
31.5,7391,153,148,8,0,6119,592,7.688311688,0.3333333333,0.4126984127,0.4431137725,0.4890510949,0.01851851852,0.03174603175,0.0119760479,0.01459854015
31.75,7391,151,150,8,0,6066,723,9.38961039,0.3402061856,0.4350649351,0.4581280788,0.4534883721,0.0206185567,0.03246753247,0.01477832512,0.01744186047
32,7391,151,149,9,0,6008,879,11.41558442,0.3230088496,0.4256410256,0.4567901235,0.4697674419,0.01327433628,0.03076923077,0.01234567901,0.01395348837
32.25,7391,150,150,9,0,5951,1040,13.50649351,0.3297491039,0.4285714286,0.4548736462,0.4901185771,0.01792114695,0.0303030303,0.01444043321,0.01185770751
32.5,7390,150,151,9,0,5926,1193,15.49350649,0.3365079365,0.4341637011,0.4808917197,0.5229681979,0.02222222222,0.02135231317,0.009554140127,0.01413427562
32.75,7390,150,151,9,0,5885,1321,17.15584416,0.3362573099,0.4338461538,0.4794117647,0.5127388535,0.02339181287,0.02461538462,0.01176470588,0.0127388535
33,7390,148,153,9,0,5818,1525,19.80519481,0.345,0.4350132626,0.4690721649,0.5333333333,0.02,0.02387267905,0.01804123711,0.01388888889
33.25,7389,149,153,9,0,5745,1717,22.2987013,0.3597285068,0.4355971897,0.4738041002,0.5134474328,0.01809954751,0.02341920375,0.0159453303,0.01711491443
33.5,7389,149,153,9,0,5700,1882,24.44155844,0.3680981595,0.4264392324,0.4612244898,0.5299539171,0.01840490798,0.02558635394,0.01632653061,0.01612903226
33.75,7389,149,152,10,0,5646,2044,26.54545455,0.3694029851,0.4271653543,0.4507575758,0.5381355932,0.01679104478,0.02952755906,0.01704545455,0.01694915254
34,7389,149,151,11,0,5610,2178,28.28571429,0.3697183099,0.4222222222,0.4568345324,0.5428015564,0.01408450704,0.02407407407,0.01618705036,0.01167315175
34.25,7389,149,151,11,0,5566,2305,29.93506494,0.3564189189,0.4370748299,0.4452173913,0.5381818182,0.0152027027,0.02210884354,0.01565217391,0.01090909091
34.5,7389,149,151,11,0,5544,2424,31.48051948,0.362295082,0.4399350649,0.4397394137,0.5325342466,0.01803278689,0.02272727273,0.01791530945,0.01369863014
34.75,7389,148,152,11,0,5496,2553,33.15584416,0.355799373,0.4382716049,0.4336973479,0.5255591054,0.01880877743,0.0200617284,0.01560062402,0.01277955272
35,7389,148,151,12,0,5465,2675,34.74025974,0.3604826546,0.4296296296,0.4426470588,0.5266362253,0.01960784314,0.0162962963,0.01470588235,0.01369863014
35.25,7389,147,152,12,0,5413,2801,36.37662338,0.3656069364,0.4169014085,0.4495798319,0.5182481752,0.01734104046,0.01690140845,0.01540616246,0.01313868613
35.5,7389,147,152,12,0,5379,2903,37.7012987,0.3614627286,0.4235924933,0.450608931,0.5106082037,0.01828410689,0.01876675603,0.0148849797,0.01414427157
35.75,7389,147,152,12,0,5346,3001,38.97402597,0.3577235772,0.4128686327,0.4566623545,0.5094086022,0.0162601626,0.01742627346,0.01552393273,0.01209677419
36,7389,147,152,12,0,5340,3081,40.01298701,0.3557312253,0.4115384615,0.4731457801,0.5105263158,0.01581027668,0.01666666667,0.01918158568,0.01184210526
36.25,7389,147,152,12,0,5307,3166,41.11688312,0.3393316195,0.4146039604,0.4682741117,0.5151515152,0.01799485861,0.01732673267,0.01903553299,0.01388888889
36.5,7389,147,152,12,0,5309,3266,42.41558442,0.3529411765,0.4202898551,0.4788391778,0.5209359606,0.01627033792,0.02173913043,0.0169286578,0.01354679803
36.75,7388,148,152,12,0,5310,3311,43,0.3480934809,0.4219308701,0.4782608696,0.5306859206,0.0159901599,0.02145411204,0.01811594203,0.01323706378
37,7388,147,153,12,0,5301,3364,43.68831169,0.3510253317,0.4191263282,0.4754491018,0.5357561547,0.01568154403,0.02479338843,0.01796407186,0.0164126612
37.25,7388,145,155,12,0,5274,3436,44.62337662,0.3561320755,0.414187643,0.4781065089,0.5304948216,0.01533018868,0.02288329519,0.01656804734,0.01726121979
37.5,7388,145,155,12,0,5254,3508,45.55844156,0.3485380117,0.4163860831,0.4724770642,0.5393258427,0.01871345029,0.02244668911,0.01720183486,0.01573033708
37.75,7388,145,155,12,0,5230,3568,46.33766234,0.3583617747,0.417218543,0.4689966178,0.5256696429,0.01934015927,0.02207505519,0.01803833145,0.01450892857
38,7387,145,156,12,0,5191,3640,47.27272727,0.3494382022,0.4195652174,0.4640883978,0.5145945946,0.01797752809,0.025,0.01767955801,0.01405405405
38.25,7387,144,157,12,0,5234,3587,46.58441558,0.3583617747,0.4095449501,0.4677777778,0.5082690187,0.01934015927,0.02330743618,0.01888888889,0.01543550165
38.5,7387,143,158,12,0,5295,3502,45.48051948,0.3595375723,0.4191011236,0.4648711944,0.5039193729,0.01965317919,0.02359550562,0.01990632319,0.0156774916
38.75,7387,139,162,12,0,5326,3424,44.46753247,0.353427896,0.408045977,0.4575471698,0.5011627907,0.01891252955,0.02068965517,0.02004716981,0.01860465116
39,7387,139,162,12,0,5383,3365,43.7012987,0.3653846154,0.4161781946,0.4553039333,0.5005945303,0.01682692308,0.01992966002,0.02264600715,0.01783590963
39.25,7387,139,161,13,0,5424,3315,43.05194805,0.3734793187,0.4096385542,0.4605103281,0.4976190476,0.01703163017,0.02048192771,0.02187120292,0.01904761905
39.5,7387,139,161,13,0,5506,3211,41.7012987,0.3688212928,0.4236453202,0.4547738693,0.5049140049,0.01774397972,0.0197044335,0.02135678392,0.02334152334
39.75,7387,139,161,13,0,5530,3160,41.03896104,0.3575989783,0.42,0.4534883721,0.503113325,0.02043422733,0.01625,0.02325581395,0.02490660025
40,7387,139,161,13,0,5568,3103,40.2987013,0.365535248,0.4218551461,0.4517833554,0.4955863808,0.02088772846,0.01778907243,0.02113606341,0.02395964691
40.25,7387,139,161,13,0,5619,3011,39.1038961,0.3622994652,0.4187582563,0.4510869565,0.487012987,0.02139037433,0.02245706737,0.01902173913,0.02337662338
40.5,7387,139,161,13,0,5702,2894,37.58441558,0.3628808864,0.4273972603,0.4549237171,0.4840499307,0.02077562327,0.02191780822,0.01664355062,0.02496532594
40.75,7386,140,161,13,0,5769,2791,36.24675325,0.3708987161,0.4101838755,0.4567723343,0.4876632801,0.01711840228,0.02121640736,0.0144092219,0.02467343977
41,7386,140,161,13,0,5834,2696,35.01298701,0.3724340176,0.4170337739,0.4577777778,0.4726443769,0.01906158358,0.02496328928,0.01481481481,0.02127659574
41.25,7385,141,161,13,0,5862,2638,34.25974026,0.3643067847,0.4203539823,0.4483282675,0.4631410256,0.02064896755,0.02359882006,0.01367781155,0.02243589744
41.5,7385,141,161,13,0,5916,2563,33.28571429,0.3606060606,0.4283513097,0.4470404984,0.4624183007,0.01818181818,0.02157164869,0.01401869159,0.02287581699
41.75,7385,140,161,14,0,5938,2514,32.64935065,0.3515625,0.4370015949,0.4321766562,0.4535073409,0.0171875,0.02232854864,0.01577287066,0.02446982055
42,7385,140,160,15,0,5988,2460,31.94805195,0.3532258065,0.4238095238,0.4357723577,0.4705882353,0.01612903226,0.01746031746,0.01463414634,0.0268907563
42.25,7382,142,160,16,0,6050,2386,30.98701299,0.3469387755,0.4306688418,0.4425956739,0.4743150685,0.01870748299,0.01794453507,0.01663893511,0.02739726027
42.5,7382,142,160,16,0,6112,2262,29.37662338,0.3405797101,0.4261460102,0.4353982301,0.4694244604,0.01992753623,0.0220713073,0.01592920354,0.02877697842
42.75,7382,142,160,16,0,6190,2142,27.81818182,0.3539325843,0.4264972777,0.4355140187,0.4674329502,0.01872659176,0.02359346642,0.01308411215,0.03256704981
43,7382,142,159,17,0,6245,2061,26.76623377,0.3562992126,0.4230055659,0.4341846758,0.4633663366,0.01771653543,0.0185528757,0.01571709234,0.03168316832
43.25,7382,142,159,17,0,6291,1989,25.83116883,0.3578528827,0.4156862745,0.4294605809,0.475708502,0.01192842942,0.01764705882,0.01452282158,0.02834008097
43.5,7381,143,159,17,0,6333,1916,24.88311688,0.3569979716,0.4093686354,0.4177489177,0.4787234043,0.0121703854,0.02036659878,0.01515151515,0.02553191489
43.75,7381,143,159,17,0,6380,1850,24.02597403,0.3595959596,0.4197002141,0.4252873563,0.4701986755,0.01616161616,0.02141327623,0.01379310345,0.02207505519
44,7381,142,160,17,0,6396,1796,23.32467532,0.3502109705,0.4048140044,0.4212962963,0.4434180139,0.01687763713,0.0284463895,0.0162037037,0.02309468822
44.25,7381,142,160,17,0,6449,1746,22.67532468,0.3626373626,0.3963553531,0.4335664336,0.4704491726,0.01538461538,0.02961275626,0.01398601399,0.02600472813
44.5,7381,142,160,17,0,6477,1687,21.90909091,0.3619909502,0.4065420561,0.4081145585,0.4547738693,0.01809954751,0.02570093458,0.01670644391,0.02763819095
44.75,7381,142,160,17,0,6542,1561,20.27272727,0.3479318735,0.3979591837,0.401055409,0.4538258575,0.01946472019,0.02551020408,0.01319261214,0.02110817942
45,7381,142,160,17,0,6647,1414,18.36363636,0.3397790055,0.4207650273,0.4081632653,0.4752186589,0.0138121547,0.0218579235,0.01457725948,0.01749271137
45.25,7380,143,159,18,0,6716,1305,16.94805195,0.35,0.412979351,0.3974763407,0.4951456311,0.01470588235,0.01769911504,0.01261829653,0.02265372168
45.5,7380,142,160,18,0,6772,1188,15.42857143,0.3521594684,0.3921568627,0.3720930233,0.4821428571,0.01661129568,0.01960784314,0.01328903654,0.01785714286
45.75,7380,142,160,18,0,6863,1053,13.67532468,0.3542435424,0.3924528302,0.3948339483,0.487804878,0.0184501845,0.02264150943,0.0184501845,0.0162601626
46,7380,142,160,18,0,6941,909,11.80519481,0.3506493506,0.3733333333,0.3902439024,0.4782608696,0.01731601732,0.02666666667,0.0162601626,0.0193236715
46.25,7380,142,160,18,0,7002,803,10.42857143,0.347826087,0.3465346535,0.3943661972,0.4861878453,0.0193236715,0.0198019802,0.01408450704,0.01104972376
46.5,7380,142,160,18,0,7063,694,9.012987013,0.3169398907,0.3636363636,0.3867403315,0.4805194805,0.0218579235,0.02272727273,0.01657458564,0.01298701299
46.75,7378,143,161,18,0,7103,614,7.974025974,0.2839506173,0.3734177215,0.3664596273,0.4586466165,0.01234567901,0.0253164557,0.01863354037,0.007518796992
47,7378,143,161,18,0,7143,555,7.207792208,0.2896551724,0.35,0.404109589,0.4516129032,0.006896551724,0.02142857143,0.02054794521,0.008064516129
47.25,7378,142,162,18,0,7176,497,6.454545455,0.3076923077,0.3385826772,0.4,0.4090909091,0.007692307692,0.02362204724,0.007692307692,0
47.5,7378,142,162,18,0,7209,446,5.792207792,0.3418803419,0.3482142857,0.3739130435,0.3823529412,0.008547008547,0.01785714286,0.008695652174,0
47.75,7378,142,162,18,0,7236,409,5.311688312,0.3428571429,0.3725490196,0.359223301,0.404040404,0.01904761905,0.01960784314,0.009708737864,0
48,7378,142,162,18,0,7258,374,4.857142857,0.3608247423,0.3294117647,0.3571428571,0.4255319149,0.0206185567,0.02352941176,0.01020408163,0.01063829787
48.25,7378,141,162,19,0,7281,336,4.363636364,0.3255813953,0.3717948718,0.3222222222,0.4512195122,0.01162790698,0.02564102564,0.01111111111,0.01219512195
48.5,7378,140,163,19,0,7301,308,4,0.3285714286,0.3846153846,0.3333333333,0.4430379747,0,0.02564102564,0,0.01265822785
48.75,7378,140,162,20,0,7320,271,3.519480519,0.3015873016,0.3650793651,0.3157894737,0.4492753623,0,0.03174603175,0,0.01449275362
49,7378,140,162,20,0,7335,244,3.168831169,0.3,0.320754717,0.3188405797,0.4516129032,0,0.03773584906,0,0.01612903226
49.25,7378,140,162,20,0,7354,223,2.896103896,0.3272727273,0.3673469388,0.34375,0.4545454545,0,0.04081632653,0,0.01818181818
49.5,7378,140,162,20,0,7365,199,2.584415584,0.2884615385,0.3571428571,0.3018867925,0.4615384615,0,0.04761904762,0,0.01923076923
49.75,7378,140,162,20,0,7377,183,2.376623377,0.2708333333,0.3421052632,0.3404255319,0.48,0,0.05263157895,0,0.02
50,7378,140,160,22,0,7390,168,2.181818182,0.2222222222,0.3714285714,0.3863636364,0.5227272727,0,0.05714285714,0,0.02272727273
50.25,7378,139,160,23,0,7405,150,1.948051948,0.2682926829,0.3666666667,0.375,0.5897435897,0,0.06666666667,0,0.02564102564
50.5,7378,139,159,24,0,7408,151,1.961038961,0.2790697674,0.3870967742,0.3947368421,0.6153846154,0,0.06451612903,0,0.02564102564
50.75,7378,139,159,24,0,7410,148,1.922077922,0.275,0.3939393939,0.4054054054,0.6052631579,0,0.06060606061,0,0.02631578947
51,7378,139,159,24,0,7414,143,1.857142857,0.25,0.3939393939,0.4705882353,0.5833333333,0,0.0303030303,0,0.02777777778
51.25,7378,139,159,24,0,7409,145,1.883116883,0.275,0.3333333333,0.4571428571,0.5135135135,0,0.0303030303,0,0.02702702703
51.5,7378,139,159,24,0,7401,154,2,0.2727272727,0.303030303,0.45,0.4864864865,0,0.0303030303,0,0.02702702703
51.75,7378,139,158,25,0,7399,158,2.051948052,0.2916666667,0.3235294118,0.4473684211,0.4736842105,0,0.02941176471,0,0.02631578947
52,7378,139,158,25,0,7403,153,1.987012987,0.3555555556,0.2727272727,0.4054054054,0.4736842105,0,0.06060606061,0,0.02631578947
52.25,7378,139,158,25,0,7401,155,2.012987013,0.3181818182,0.2727272727,0.4146341463,0.4864864865,0,0.06060606061,0,0
52.5,7378,139,158,25,0,7401,156,2.025974026,0.3181818182,0.2647058824,0.45,0.4736842105,0,0.05882352941,0,0
52.75,7378,139,158,25,0,7389,175,2.272727273,0.3111111111,0.3,0.3829787234,0.511627907,0,0.05,0,0
53,7378,139,157,26,0,7380,185,2.402597403,0.2884615385,0.3,0.36,0.511627907,0,0.05,0,0
53.25,7378,139,157,26,0,7365,213,2.766233766,0.2931034483,0.3636363636,0.3666666667,0.4901960784,0,0.04545454545,0,0
53.5,7378,139,157,26,0,7347,240,3.116883117,0.262295082,0.358490566,0.3529411765,0.5,0,0.03773584906,0,0
53.75,7378,139,157,26,0,7324,282,3.662337662,0.2739726027,0.3692307692,0.3333333333,0.5416666667,0,0.03076923077,0,0.01388888889
54,7378,139,157,26,0,7291,332,4.311688312,0.2906976744,0.3846153846,0.3058823529,0.5180722892,0.01162790698,0.03846153846,0,0.01204819277
54.25,7378,138,158,26,0,7232,425,5.519480519,0.2547169811,0.3773584906,0.3425925926,0.4761904762,0.009433962264,0.03773584906,0,0.009523809524
54.5,7378,138,158,26,0,7165,527,6.844155844,0.2265625,0.3450704225,0.3571428571,0.465648855,0.0078125,0.02816901408,0,0.01526717557
54.75,7378,138,158,26,0,7110,621,8.064935065,0.237804878,0.3571428571,0.3552631579,0.4834437086,0.01219512195,0.01948051948,0,0.01324503311
55,7378,136,160,26,0,7070,691,8.974025974,0.2631578947,0.3757575758,0.3373493976,0.4823529412,0.01578947368,0.01818181818,0.006024096386,0.01176470588
55.25,7378,135,161,26,0,7034,763,9.909090909,0.2673267327,0.3675675676,0.3762886598,0.489010989,0.0198019802,0.01081081081,0.005154639175,0.01098901099
55.5,7378,135,161,26,0,6945,914,11.87012987,0.2751091703,0.3663793103,0.3826086957,0.4708520179,0.01746724891,0.01724137931,0.004347826087,0.008968609865
55.75,7378,135,161,26,0,6858,1064,13.81818182,0.2794117647,0.3657587549,0.3820224719,0.4776119403,0.02573529412,0.01945525292,0.007490636704,0.007462686567
56,7378,135,161,26,0,6766,1222,15.87012987,0.3148148148,0.3657718121,0.3678929766,0.4717607973,0.02777777778,0.02684563758,0.01003344482,0.009966777409
56.25,7378,135,161,26,0,6682,1371,17.80519481,0.3111111111,0.3604651163,0.3716012085,0.4910714286,0.025,0.02325581395,0.01510574018,0.0119047619
56.5,7377,135,162,26,0,6606,1495,19.41558442,0.3,0.3623978202,0.3797814208,0.4758064516,0.02564102564,0.0272479564,0.01639344262,0.01075268817
56.75,7376,136,162,26,3,6635,1598,20.75324675,0.362962963,0.4149484536,0.4320987654,0.5175,0.02469135802,0.02577319588,0.01975308642,0.015
57,7375,137,161,27,3,6695,1721,22.35064935,0.4483568075,0.4895591647,0.4988558352,0.5807962529,0.0234741784,0.02320185615,0.02059496568,0.01639344262
57.25,7375,137,160,28,3,6752,1808,23.48051948,0.5066079295,0.5331858407,0.5680345572,0.6241457859,0.02422907489,0.02212389381,0.02375809935,0.0159453303
57.5,7375,137,160,28,3,6811,1895,24.61038961,0.5618448637,0.5774058577,0.6033057851,0.6842105263,0.02306079665,0.02510460251,0.02066115702,0.01754385965
57.75,7374,138,159,29,3,6871,1969,25.57142857,0.6020408163,0.6160164271,0.6596558317,0.7185501066,0.02448979592,0.0205338809,0.02103250478,0.0170575693
58,7374,138,159,29,3,6922,2059,26.74025974,0.6322067594,0.6529411765,0.7056672761,0.74749499,0.02385685885,0.01960784314,0.01828153565,0.02004008016
58.25,7374,138,159,29,3,6951,2133,27.7012987,0.6552380952,0.6798493409,0.7295373665,0.7631067961,0.02285714286,0.02071563089,0.01957295374,0.01941747573
58.5,7374,138,159,29,3,6988,2208,28.67532468,0.6869244936,0.7152899824,0.7434094903,0.7855787476,0.02394106814,0.01933216169,0.01933216169,0.01897533207
58.75,7374,138,157,31,3,7019,2340,30.38961039,0.7172061329,0.7416107383,0.7674418605,0.809009009,0.02214650767,0.02348993289,0.01993355482,0.01981981982
59,7374,137,158,31,3,7059,2482,32.23376623,0.749201278,0.7699680511,0.7956318253,0.8251273345,0.02396166134,0.02236421725,0.01872074883,0.02037351443
59.25,7374,136,158,32,3,7079,2601,33.77922078,0.772519084,0.786809816,0.8087349398,0.8349206349,0.0213740458,0.0245398773,0.01807228916,0.02222222222
59.5,7374,136,158,32,3,7113,2657,34.50649351,0.7856071964,0.8030534351,0.8313782991,0.8468606432,0.023988006,0.02748091603,0.01759530792,0.01990811639
59.75,7374,136,158,32,3,7146,2705,35.12987013,0.8029850746,0.8089552239,0.8487874465,0.8659638554,0.02686567164,0.02686567164,0.01854493581,0.01807228916
60,7374,136,158,32,3,7172,2795,36.2987013,0.8163265306,0.8214804064,0.8626373626,0.8800578035,0.027696793,0.02757619739,0.0206043956,0.01878612717
60.25,7374,135,159,32,3,7199,2808,36.46753247,0.8253968254,0.8272327965,0.8727770178,0.8944365193,0.02886002886,0.02489019034,0.0218878249,0.01711840228
60.5,7374,134,159,33,3,7225,2842,36.90909091,0.8280346821,0.8388969521,0.8858695652,0.9048275862,0.0289017341,0.03047895501,0.01766304348,0.01793103448
60.75,7374,134,159,33,3,7237,2908,37.76623377,0.8403361345,0.8447293447,0.8900662252,0.9090909091,0.02941176471,0.02991452991,0.01854304636,0.02035278155
61,7374,134,159,33,3,7266,2907,37.75324675,0.8426966292,0.8628005658,0.8955823293,0.9163292848,0.02668539326,0.02828854314,0.0187416332,0.02024291498
61.25,7374,134,159,33,3,7285,2950,38.31168831,0.8499317872,0.8701117318,0.9008042895,0.9258278146,0.03001364256,0.02793296089,0.01876675603,0.01986754967
61.5,7374,134,159,33,3,7307,2961,38.45454545,0.8565517241,0.8763736264,0.9045092838,0.9310344828,0.03034482759,0.0260989011,0.02122015915,0.0198938992
61.75,7373,135,159,33,3,7329,2958,38.41558442,0.8657534247,0.8812154696,0.9139072848,0.9332443258,0.02739726027,0.02348066298,0.02119205298,0.02136181575
62,7373,135,159,33,3,7347,2937,38.14285714,0.8755129959,0.8833333333,0.9175675676,0.9343163539,0.02872777018,0.025,0.02297297297,0.02010723861
62.25,7373,135,159,33,3,7364,2927,38.01298701,0.8815426997,0.8862359551,0.9227642276,0.9387483356,0.02892561983,0.02387640449,0.02303523035,0.02130492676
62.5,7373,134,160,33,3,7382,2946,38.25974026,0.8864569083,0.8970792768,0.9276944065,0.9384010485,0.02735978112,0.02225312935,0.02182810368,0.02096985583
62.75,7373,134,160,33,3,7390,2963,38.48051948,0.8923705722,0.8997252747,0.9265306122,0.9412532637,0.02452316076,0.02197802198,0.02176870748,0.02088772846
63,7372,134,161,33,3,7399,2943,38.22077922,0.8953020134,0.9030470914,0.9287709497,0.9434210526,0.0255033557,0.01939058172,0.02094972067,0.02236842105
63.25,7372,133,162,33,3,7416,2913,37.83116883,0.9032697548,0.9037138927,0.9299719888,0.9498644986,0.02588555858,0.01925722146,0.02100840336,0.02303523035
63.5,7370,134,163,33,3,7427,2867,37.23376623,0.9042995839,0.9071729958,0.9275568182,0.9548563611,0.02635228849,0.01969057665,0.01988636364,0.02325581395
63.75,7370,133,164,33,3,7436,2856,37.09090909,0.9036312849,0.9114285714,0.9314685315,0.9586206897,0.02653631285,0.02,0.01818181818,0.02344827586
64,7370,133,164,33,3,7457,2798,36.33766234,0.910128388,0.9161764706,0.9363507779,0.9633802817,0.02853067047,0.01764705882,0.01838755304,0.02535211268
64.25,7370,133,164,33,3,7468,2760,35.84415584,0.9114285714,0.9224924012,0.9413447783,0.960170697,0.02714285714,0.01975683891,0.0200286123,0.02418207681
64.5,7370,133,164,33,3,7479,2718,35.2987013,0.9175257732,0.9250764526,0.9436416185,0.9595959596,0.02503681885,0.01987767584,0.02023121387,0.02308802309
64.75,7370,133,164,33,3,7483,2715,35.25974026,0.9161764706,0.9305555556,0.9475177305,0.9574780059,0.02352941176,0.0200617284,0.02127659574,0.02052785924
65,7370,133,164,33,3,7488,2678,34.77922078,0.9198813056,0.9358372457,0.9441997063,0.9532163743,0.0237388724,0.01877934272,0.02202643172,0.02339181287
65.25,7370,133,164,33,3,7494,2579,33.49350649,0.9184952978,0.9353796446,0.9436834094,0.9533834586,0.02351097179,0.01938610662,0.02130898021,0.02255639098
65.5,7370,133,164,33,3,7513,2483,32.24675325,0.9275590551,0.9433333333,0.9440894569,0.9549839228,0.02519685039,0.01666666667,0.01597444089,0.02733118971
65.75,7370,133,164,33,3,7525,2407,31.25974026,0.9306451613,0.9489795918,0.947107438,0.9528619529,0.02580645161,0.02551020408,0.01487603306,0.02693602694
66,7370,133,164,33,3,7545,2312,30.02597403,0.9406779661,0.950617284,0.9513888889,0.9585492228,0.02881355932,0.02469135802,0.01909722222,0.02417962003
66.25,7370,133,164,33,3,7552,2253,29.25974026,0.9384885764,0.950877193,0.9497307002,0.9658886894,0.02987697715,0.01929824561,0.0197486535,0.02513464991
66.5,7370,133,164,33,3,7561,2162,28.07792208,0.9433272395,0.9439421338,0.9564393939,0.9662921348,0.03290676417,0.0198915009,0.01893939394,0.02247191011
66.75,7369,134,164,33,3,7559,2080,27.01298701,0.9433962264,0.9387755102,0.9518072289,0.962962963,0.0358490566,0.02226345083,0.02208835341,0.02339181287
67,7369,134,164,33,3,7563,1990,25.84415584,0.9418604651,0.9376218324,0.9520833333,0.9604989605,0.03294573643,0.0253411306,0.02291666667,0.02286902287
67.25,7369,134,164,33,3,7561,1919,24.92207792,0.939516129,0.9304703476,0.9506437768,0.9551282051,0.03427419355,0.0245398773,0.02145922747,0.0235042735
67.5,7369,134,162,35,3,7578,1862,24.18181818,0.9449152542,0.9373695198,0.9622222222,0.9587852495,0.03177966102,0.02296450939,0.02444444444,0.01952277657
67.75,7369,133,163,35,3,7577,1810,23.50649351,0.9436008677,0.9316239316,0.9608294931,0.9597315436,0.03036876356,0.01923076923,0.02304147465,0.02013422819
68,7369,133,163,35,3,7585,1748,22.7012987,0.9459459459,0.9348314607,0.9608801956,0.9622222222,0.03603603604,0.01348314607,0.02444987775,0.02
68.25,7369,132,164,35,3,7588,1700,22.07792208,0.9471264368,0.9307159353,0.9592875318,0.9635535308,0.03218390805,0.01616628176,0.02544529262,0.02277904328
68.5,7368,132,165,35,3,7587,1669,21.67532468,0.9470046083,0.926713948,0.9554973822,0.9651162791,0.03917050691,0.01654846336,0.02356020942,0.02558139535
68.75,7368,131,166,35,3,7582,1624,21.09090909,0.9427207637,0.9219512195,0.9513513514,0.9576470588,0.03579952267,0.02195121951,0.02432432432,0.02588235294
69,7367,131,167,35,3,7593,1476,19.16883117,0.944,0.9285714286,0.9518072289,0.9565217391,0.03733333333,0.02380952381,0.02409638554,0.02813299233
69.25,7367,131,167,35,3,7598,1344,17.45454545,0.9423631124,0.9252873563,0.9523809524,0.9549295775,0.04034582133,0.02298850575,0.0306122449,0.02816901408
69.5,7367,131,167,35,3,7608,1228,15.94805195,0.9465408805,0.9292307692,0.9547169811,0.95625,0.04088050314,0.02461538462,0.03018867925,0.01875
69.75,7367,130,168,35,3,7612,1111,14.42857143,0.937716263,0.9293286219,0.9561752988,0.9548611111,0.03806228374,0.02826855124,0.02788844622,0.01388888889
70,7367,130,167,36,3,7608,1022,13.27272727,0.9333333333,0.9111969112,0.9519650655,0.946969697,0.03703703704,0.01930501931,0.03493449782,0.01515151515
70.25,7367,130,167,36,3,7603,955,12.4025974,0.9306122449,0.8930041152,0.9422222222,0.9380165289,0.03673469388,0.02057613169,0.03111111111,0.01239669421
70.5,7367,130,167,36,3,7608,871,11.31168831,0.9262672811,0.9013452915,0.9348837209,0.9351851852,0.03686635945,0.02242152466,0.02790697674,0.01388888889
70.75,7367,130,166,37,3,7616,829,10.76623377,0.9425837321,0.9103773585,0.9356435644,0.932038835,0.03349282297,0.02358490566,0.0297029703,0.009708737864
71,7367,130,166,37,3,7616,767,9.961038961,0.9322916667,0.9179487179,0.9263157895,0.9210526316,0.02083333333,0.02051282051,0.03157894737,0.01052631579
71.25,7367,130,166,37,3,7619,725,9.415584416,0.9269662921,0.9162303665,0.9265536723,0.9273743017,0.01123595506,0.02094240838,0.02824858757,0.005586592179
71.5,7367,130,165,38,3,7622,647,8.402597403,0.9161290323,0.9166666667,0.9125,0.9329268293,0.01935483871,0.02380952381,0.025,0.006097560976
71.75,7367,130,165,38,3,7632,568,7.376623377,0.9147286822,0.9236111111,0.9246575342,0.9395973154,0.01550387597,0.02777777778,0.02739726027,0.006711409396
72,7367,130,165,38,3,7633,487,6.324675325,0.8983050847,0.9137931034,0.9224806202,0.9274193548,0.01694915254,0.03448275862,0.03100775194,0.008064516129
72.25,7367,130,165,38,3,7638,425,5.519480519,0.8775510204,0.8962264151,0.9298245614,0.953271028,0.01020408163,0.03773584906,0.0350877193,0.009345794393
72.5,7367,130,165,38,3,7643,356,4.623376623,0.8765432099,0.8837209302,0.9263157895,0.9574468085,0.01234567901,0.01162790698,0.04210526316,0.01063829787
72.75,7367,130,164,39,3,7648,307,3.987012987,0.8873239437,0.8815789474,0.9268292683,0.9615384615,0.01408450704,0.01315789474,0.03658536585,0.01282051282
73,7367,130,164,39,3,7648,263,3.415584416,0.8644067797,0.8769230769,0.9,0.9565217391,0.01694915254,0.01538461538,0.02857142857,0
73.25,7367,130,163,40,3,7650,227,2.948051948,0.8653846154,0.8596491228,0.9016393443,0.9473684211,0.01923076923,0.01754385965,0.03278688525,0
73.5,7367,130,163,40,3,7654,210,2.727272727,0.8913043478,0.875,0.9107142857,0.9423076923,0.02173913043,0.01785714286,0.03571428571,0
73.75,7367,130,163,40,3,7656,189,2.454545455,0.9069767442,0.8461538462,0.9347826087,0.9375,0,0.01923076923,0.04347826087,0
74,7367,130,163,40,3,7658,177,2.298701299,0.9024390244,0.8571428571,0.9285714286,0.9555555556,0,0.02040816327,0.04761904762,0
74.25,7367,129,163,41,3,7659,165,2.142857143,0.8717948718,0.8636363636,0.9487179487,0.9534883721,0,0.02272727273,0.05128205128,0
74.5,7367,127,165,41,3,7662,159,2.064935065,0.8888888889,0.9069767442,0.9487179487,0.9512195122,0,0.02325581395,0.05128205128,0
74.75,7367,126,166,41,3,7661,150,1.948051948,0.8823529412,0.880952381,0.9459459459,0.9459459459,0,0.02380952381,0.05405405405,0
75,7367,126,165,42,3,7660,143,1.857142857,0.9032258065,0.8780487805,0.9142857143,0.9166666667,0,0.0243902439,0.05714285714,0
75.25,7367,125,166,42,3,7660,139,1.805194805,0.9032258065,0.8684210526,0.9117647059,0.9166666667,0,0.02631578947,0.05882352941,0
75.5,7367,125,166,42,3,7662,130,1.688311688,0.9310344828,0.8823529412,0.9090909091,0.9117647059,0,0.02941176471,0.06060606061,0
75.75,7367,123,168,42,3,7659,123,1.597402597,0.8846153846,0.8484848485,0.9032258065,0.8787878788,0,0.0303030303,0.06451612903,0
76,7367,123,168,42,3,7661,111,1.441558442,0.9523809524,0.8333333333,0.8965517241,0.8709677419,0,0.03333333333,0.06896551724,0
76.25,7367,123,168,42,3,7661,102,1.324675325,0.95,0.8148148148,0.8846153846,0.8620689655,0,0.03703703704,0.07692307692,0
76.5,7367,122,169,42,3,7659,102,1.324675325,0.85,0.8275862069,0.88,0.8571428571,0,0.03448275862,0.08,0
76.75,7367,122,169,42,3,7656,109,1.415584416,0.7727272727,0.8333333333,0.8928571429,0.8275862069,0.04545454545,0.03333333333,0.07142857143,0
77,7367,122,169,42,3,7658,128,1.662337662,0.8148148148,0.9142857143,0.9,0.8611111111,0.03703703704,0,0.06666666667,0
77.25,7367,122,168,43,3,7657,145,1.883116883,0.7931034483,0.8780487805,0.9189189189,0.8947368421,0.03448275862,0.0243902439,0.08108108108,0
77.5,7367,122,168,43,3,7651,186,2.415584416,0.7894736842,0.8510638298,0.9375,0.8867924528,0.02631578947,0.02127659574,0.0625,0
77.75,7367,122,168,43,3,7647,223,2.896103896,0.8125,0.862745098,0.9242424242,0.8793103448,0.02083333333,0.03921568627,0.06060606061,0
78,7367,121,168,44,3,7642,246,3.194805195,0.8148148148,0.8596491228,0.9142857143,0.8615384615,0.01851851852,0.0350877193,0.04285714286,0
78.25,7367,121,167,45,3,7637,335,4.350649351,0.8450704225,0.8795180723,0.9157894737,0.8953488372,0.01408450704,0.02409638554,0.03157894737,0.01162790698
78.5,7367,121,167,45,3,7631,415,5.38961039,0.8681318681,0.875,0.9099099099,0.900990099,0.01098901099,0.04464285714,0.02702702703,0.0198019802
78.75,7367,121,167,45,3,7627,498,6.467532468,0.8828828829,0.8837209302,0.9307692308,0.8984375,0.009009009009,0.04651162791,0.02307692308,0.015625
79,7367,121,167,45,3,7619,597,7.753246753,0.8955223881,0.8933333333,0.9166666667,0.9044585987,0.007462686567,0.04,0.02564102564,0.0127388535
79.25,7366,122,167,45,3,7613,693,9,0.90625,0.8988764045,0.9152542373,0.9101123596,0.0125,0.0393258427,0.01694915254,0.01685393258
79.5,7366,121,168,45,3,7603,783,10.16883117,0.9086021505,0.8955223881,0.9042553191,0.9134615385,0.01612903226,0.03482587065,0.01595744681,0.01442307692
79.75,7366,121,168,45,3,7600,927,12.03896104,0.9189189189,0.9079497908,0.9103139013,0.9218106996,0.01801801802,0.02928870293,0.01793721973,0.01646090535
80,7366,121,168,45,3,7587,1071,13.90909091,0.9166666667,0.9120879121,0.8957528958,0.9236363636,0.01893939394,0.02564102564,0.01544401544,0.01818181818
80.25,7366,121,168,45,3,7573,1208,15.68831169,0.9143835616,0.9129032258,0.8877887789,0.9273927393,0.01712328767,0.02903225806,0.01650165017,0.01650165017
80.5,7366,121,168,45,3,7559,1424,18.49350649,0.9114285714,0.9289617486,0.8941504178,0.9140401146,0.01714285714,0.02459016393,0.0139275766,0.0229226361
80.75,7366,121,168,45,3,7544,1619,21.02597403,0.9072681704,0.9297820823,0.8975609756,0.919395466,0.01754385965,0.02905569007,0.01219512195,0.0201511335
81,7366,121,168,45,3,7531,1795,23.31168831,0.9176201373,0.9140969163,0.9057815846,0.9221967963,0.01601830664,0.03083700441,0.01498929336,0.01830663616
81.25,7366,121,168,45,3,7507,1971,25.5974026,0.9016393443,0.912244898,0.9039215686,0.9213250518,0.02049180328,0.02857142857,0.0137254902,0.016563147
81.5,7366,121,168,45,3,7495,2104,27.32467532,0.9080234834,0.9137931034,0.8935779817,0.9201520913,0.01956947162,0.030651341,0.01467889908,0.01520912548
81.75,7366,121,168,45,3,7478,2253,29.25974026,0.9018181818,0.9052631579,0.9012131716,0.9172661871,0.02181818182,0.0298245614,0.01733102253,0.01798561151
82,7366,121,168,45,3,7462,2394,31.09090909,0.9061976549,0.8983606557,0.9003322259,0.9145299145,0.02680067002,0.02950819672,0.01827242525,0.01367521368
82.25,7366,121,168,45,3,7446,2517,32.68831169,0.8987341772,0.8982785603,0.9041533546,0.9096774194,0.0253164557,0.02816901408,0.02076677316,0.01451612903
82.5,7366,121,168,45,3,7437,2654,34.46753247,0.8996960486,0.9017857143,0.902587519,0.9115442279,0.02583586626,0.02380952381,0.02130898021,0.01649175412
82.75,7366,121,168,45,3,7422,2739,35.57142857,0.8945827233,0.8985714286,0.9005847953,0.9107142857,0.02781844802,0.02,0.02046783626,0.01636904762
83,7366,121,168,45,3,7415,2864,37.19480519,0.8934081346,0.9029126214,0.9026425591,0.9113924051,0.02805049088,0.01941747573,0.02086230876,0.01406469761
83.25,7366,121,168,45,3,7409,2982,38.72727273,0.9017264276,0.9034391534,0.8997289973,0.9129251701,0.02656042497,0.01984126984,0.02032520325,0.01360544218
83.5,7366,121,168,45,3,7400,3082,40.02597403,0.9014267185,0.8992443325,0.9045751634,0.9109042553,0.02723735409,0.0201511335,0.01960784314,0.01329787234
83.75,7366,121,167,46,3,7373,3170,41.16883117,0.8987179487,0.8936959209,0.9016393443,0.8984771574,0.02692307692,0.01854140915,0.01891551072,0.01649746193
84,7365,122,167,46,3,7373,3227,41.90909091,0.8983890954,0.8926829268,0.90625,0.90125,0.02973977695,0.01829268293,0.02,0.01625
84.25,7365,122,166,47,3,7367,3283,42.63636364,0.8962148962,0.8932853717,0.9069767442,0.901599016,0.0293040293,0.01798561151,0.01958384333,0.0172201722
84.5,7365,122,166,47,3,7357,3357,43.5974026,0.8943577431,0.8946745562,0.9034157833,0.9024096386,0.02881152461,0.01656804734,0.01766784452,0.0156626506
84.75,7365,121,167,47,3,7355,3415,44.35064935,0.894047619,0.8946162658,0.9051522248,0.9044811321,0.02738095238,0.01718213058,0.01639344262,0.01533018868
85,7365,121,167,47,3,7351,3481,45.20779221,0.89306698,0.8988764045,0.9008073818,0.9083619702,0.03055229142,0.0191011236,0.0184544406,0.01603665521
85.25,7365,121,166,48,3,7338,3416,44.36363636,0.8830548926,0.8963553531,0.8907168038,0.9069493522,0.02863961814,0.01822323462,0.01880141011,0.01884570082
85.5,7365,121,166,48,3,7340,3402,44.18181818,0.8824228029,0.8947976879,0.8903301887,0.9102715466,0.02850356295,0.02080924855,0.01886792453,0.01770956316
85.75,7365,121,166,48,3,7353,3308,42.96103896,0.8827838828,0.8996458087,0.889290012,0.9099876695,0.02808302808,0.0212514758,0.01805054152,0.01849568434
86,7365,120,167,48,3,7353,3288,42.7012987,0.8860606061,0.8899408284,0.8919902913,0.9118387909,0.0303030303,0.02130177515,0.01699029126,0.02141057935
86.25,7365,120,167,48,3,7363,3219,41.80519481,0.8809234508,0.8939580764,0.89408867,0.91461837,0.02916160389,0.02342786683,0.01600985222,0.02199223803
86.5,7365,120,167,48,3,7363,3164,41.09090909,0.8745341615,0.89375,0.895334174,0.9125326371,0.03229813665,0.02125,0.01639344262,0.02219321149
86.75,7364,121,167,48,3,7365,3101,40.27272727,0.8718274112,0.892169448,0.8891752577,0.9168865435,0.03426395939,0.01925545571,0.01675257732,0.01978891821
87,7364,120,167,49,3,7359,3062,39.76623377,0.87001287,0.887874837,0.8903394256,0.9082446809,0.03346203346,0.01694915254,0.01566579634,0.01861702128
87.25,7364,120,167,49,3,7348,3069,39.85714286,0.8696774194,0.8802083333,0.8894668401,0.9035667107,0.03225806452,0.015625,0.0156046814,0.01849405548
87.5,7364,120,167,49,3,7349,3050,39.61038961,0.8681462141,0.8802631579,0.8943298969,0.8983957219,0.03002610966,0.01578947368,0.01288659794,0.01871657754
87.75,7364,120,167,49,3,7360,3008,39.06493506,0.8660477454,0.8841544607,0.8957783641,0.9033557047,0.02652519894,0.01464713715,0.01451187335,0.01879194631
88,7364,120,167,49,3,7357,2977,38.66233766,0.8544217687,0.890227577,0.8977423639,0.897574124,0.02448979592,0.0187416332,0.01460823373,0.01886792453
88.25,7364,120,167,49,3,7349,2938,38.15584416,0.8502080444,0.8798920378,0.9010695187,0.8914835165,0.02357836338,0.01889338731,0.01470588235,0.01923076923
88.5,7364,120,167,49,3,7348,2917,37.88311688,0.8423988842,0.8786206897,0.9016172507,0.894952251,0.02231520223,0.02206896552,0.01752021563,0.01773533424
88.75,7364,120,166,50,3,7331,2897,37.62337662,0.8275862069,0.8783216783,0.894085282,0.8917808219,0.02344827586,0.02517482517,0.01788170564,0.01643835616
89,7364,120,166,50,3,7313,2889,37.51948052,0.8207282913,0.8723994452,0.8908839779,0.8808219178,0.02380952381,0.02496532594,0.0179558011,0.01506849315
89.25,7364,119,167,50,3,7311,2875,37.33766234,0.8189533239,0.8751733703,0.885989011,0.8789986092,0.0198019802,0.02635228849,0.01923076923,0.01390820584
89.5,7364,119,167,50,3,7300,2873,37.31168831,0.8158995816,0.8676880223,0.8817802503,0.8789986092,0.01813110181,0.02646239554,0.01808066759,0.01390820584
89.75,7364,117,168,51,3,7283,2856,37.09090909,0.8194444444,0.856135402,0.8711484594,0.8709677419,0.01944444444,0.02538787024,0.01820728291,0.01542776999
90,7364,117,168,51,3,7290,2833,36.79220779,0.8262108262,0.8536931818,0.8711484594,0.8709677419,0.02279202279,0.02698863636,0.01820728291,0.01542776999
90.25,7363,117,169,51,3,7298,2838,36.85714286,0.8338068182,0.8528571429,0.8717241379,0.8758815233,0.02414772727,0.02571428571,0.01517241379,0.01551480959
90.5,7363,117,169,51,3,7291,2777,36.06493506,0.8316400581,0.8443465492,0.8695652174,0.8659942363,0.02612481858,0.02643171806,0.01402524544,0.01729106628
90.75,7363,117,169,51,3,7282,2772,36,0.8255131965,0.8395953757,0.8690140845,0.863372093,0.02492668622,0.0274566474,0.01549295775,0.01889534884
91,7363,116,170,51,3,7273,2763,35.88311688,0.8187221397,0.8397711016,0.8632478632,0.8606676343,0.02823179792,0.02861230329,0.01566951567,0.02031930334
91.25,7363,116,170,51,3,7260,2757,35.80519481,0.8138138138,0.8290598291,0.8587570621,0.8604992658,0.02852852853,0.02991452991,0.01694915254,0.01908957416
91.5,7363,116,170,51,3,7258,2748,35.68831169,0.8170731707,0.8232819074,0.8557142857,0.8615611193,0.02896341463,0.03085553997,0.01857142857,0.0176730486
91.75,7363,114,172,51,3,7252,2722,35.35064935,0.8129713424,0.8134642356,0.8552631579,0.8625377644,0.02865761689,0.03085553997,0.01754385965,0.01963746224
92,7363,114,172,51,3,7239,2716,35.27272727,0.8073394495,0.8109243697,0.8550295858,0.849702381,0.02905198777,0.03081232493,0.01775147929,0.01785714286
92.25,7362,115,172,51,3,7232,2712,35.22077922,0.8012232416,0.8042857143,0.852724595,0.852724595,0.03058103976,0.03,0.0176730486,0.0176730486
92.5,7360,117,172,51,3,7233,2703,35.1038961,0.8098918083,0.8094555874,0.8468335788,0.8438880707,0.02936630603,0.03151862464,0.01914580265,0.01914580265
92.75,7360,117,172,51,3,7222,2728,35.42857143,0.8,0.8078541374,0.8477306003,0.8445747801,0.02769230769,0.03085553997,0.01903367496,0.0219941349
93,7360,116,173,51,3,7220,2738,35.55844156,0.7948717949,0.8106936416,0.8488372093,0.8446043165,0.02714932127,0.0274566474,0.01889534884,0.02158273381
93.25,7359,117,172,52,3,7215,2728,35.42857143,0.784962406,0.8197674419,0.8470588235,0.8374100719,0.02857142857,0.02470930233,0.02058823529,0.02446043165
93.5,7359,117,172,52,3,7263,2419,31.41558442,0.7809847199,0.8158319871,0.8516666667,0.829787234,0.03056027165,0.02423263328,0.025,0.02454991817
93.75,7359,117,172,52,3,7307,2089,27.12987013,0.7749510763,0.8025830258,0.8492366412,0.822265625,0.02935420744,0.0258302583,0.02290076336,0.025390625
94,7359,117,172,52,3,7372,1806,23.45454545,0.7736720554,0.7991631799,0.8587196468,0.8438914027,0.03002309469,0.02719665272,0.02428256071,0.02941176471
94.25,7359,117,170,54,3,7417,1549,20.11688312,0.7714285714,0.8078817734,0.8597883598,0.8342105263,0.03116883117,0.02709359606,0.01851851852,0.03421052632
94.5,7359,117,170,54,3,7448,1353,17.57142857,0.7711864407,0.8114285714,0.8524096386,0.8264984227,0.03389830508,0.02857142857,0.02108433735,0.02839116719
94.75,7359,117,170,54,3,7480,1186,15.4025974,0.7917981073,0.8037974684,0.8402777778,0.8301886792,0.04100946372,0.0253164557,0.02430555556,0.03396226415
95,7359,116,171,54,3,7516,1014,13.16883117,0.7873134328,0.8141263941,0.8525896414,0.8274336283,0.05223880597,0.02973977695,0.02788844622,0.03982300885
95.25,7359,116,171,54,3,7552,857,11.12987013,0.7956521739,0.8177777778,0.8638497653,0.8412698413,0.06086956522,0.03111111111,0.03286384977,0.03703703704
95.5,7359,115,172,54,3,7566,736,9.558441558,0.7897435897,0.8090452261,0.847826087,0.835443038,0.06153846154,0.0351758794,0.03260869565,0.0253164557
95.75,7359,114,173,54,3,7577,648,8.415584416,0.7882352941,0.7919075145,0.8447204969,0.8263888889,0.06470588235,0.04046242775,0.03105590062,0.02083333333
96,7359,112,175,54,3,7592,568,7.376623377,0.7945205479,0.8205128205,0.8214285714,0.8095238095,0.06849315068,0.03846153846,0.03571428571,0.02380952381
96.25,7359,112,175,54,3,7600,510,6.623376623,0.8267716535,0.8115942029,0.78125,0.8034188034,0.07086614173,0.03623188406,0.0390625,0.02564102564
96.5,7359,111,176,54,3,7609,450,5.844155844,0.8448275862,0.814516129,0.752293578,0.7821782178,0.06034482759,0.04032258065,0.03669724771,0.0297029703
96.75,7359,111,176,54,3,7613,398,5.168831169,0.8431372549,0.7909090909,0.7157894737,0.7802197802,0.04901960784,0.03636363636,0.04210526316,0.03296703297
97,7359,111,175,55,3,7623,353,4.584415584,0.8229166667,0.8105263158,0.6913580247,0.8024691358,0.04166666667,0.03157894737,0.04938271605,0.02469135802
97.25,7359,111,175,55,3,7629,313,4.064935065,0.7931034483,0.8313253012,0.72,0.75,0.04597701149,0.03614457831,0.04,0
97.5,7359,111,175,55,3,7635,291,3.779220779,0.8024691358,0.8421052632,0.7428571429,0.71875,0.04938271605,0.03947368421,0.04285714286,0
97.75,7359,111,175,55,3,7636,268,3.480519481,0.7837837838,0.8356164384,0.7424242424,0.6727272727,0.05405405405,0.04109589041,0.0303030303,0
98,7359,110,176,55,3,7643,248,3.220779221,0.8208955224,0.8208955224,0.75,0.68,0.05970149254,0.0447761194,0.03125,0
98.25,7359,110,176,55,3,7646,235,3.051948052,0.828125,0.8064516129,0.7540983607,0.6875,0.03125,0.04838709677,0.03278688525,0
98.5,7359,110,176,55,3,7651,220,2.857142857,0.8596491228,0.7931034483,0.7540983607,0.7045454545,0.01754385965,0.05172413793,0.03278688525,0
98.75,7359,110,176,55,3,7654,203,2.636363636,0.8333333333,0.82,0.7413793103,0.7073170732,0.01851851852,0.06,0.03448275862,0
99,7359,109,177,55,3,7652,195,2.532467532,0.8163265306,0.7872340426,0.7142857143,0.7209302326,0.02040816327,0.04255319149,0.01785714286,0
99.25,7359,108,178,55,3,7650,198,2.571428571,0.78,0.8181818182,0.7166666667,0.7045454545,0.02,0.04545454545,0.01666666667,0
99.5,7359,108,178,55,3,7653,199,2.584415584,0.7884615385,0.8333333333,0.7222222222,0.7333333333,0.01923076923,0.04166666667,0.01851851852,0
99.75,7359,108,178,55,3,7651,200,2.597402597,0.7843137255,0.8163265306,0.7115384615,0.7291666667,0.01960784314,0.0612244898,0.01923076923,0
100,7359,108,177,56,3,7651,202,2.623376623,0.8039215686,0.82,0.6981132075,0.7291666667,0.01960784314,0.08,0.01886792453,0
100.25,7359,108,177,56,3,7650,206,2.675324675,0.78,0.8039215686,0.7368421053,0.7291666667,0.02,0.07843137255,0.01754385965,0
100.5,7359,107,178,56,3,7645,208,2.701298701,0.74,0.8039215686,0.7118644068,0.7083333333,0.02,0.07843137255,0.01694915254,0
100.75,7359,107,177,57,3,7642,218,2.831168831,0.7307692308,0.8,0.71875,0.7115384615,0.01923076923,0.08,0.015625,0.01923076923
101,7359,107,177,57,3,7632,244,3.168831169,0.7419354839,0.7068965517,0.7424242424,0.7068965517,0.03225806452,0.06896551724,0.01515151515,0.03448275862
101.25,7359,107,177,57,3,7628,263,3.415584416,0.7391304348,0.7413793103,0.75,0.6833333333,0.04347826087,0.06896551724,0,0.03333333333
101.5,7359,105,179,57,3,7630,266,3.454545455,0.75,0.7192982456,0.7368421053,0.7540983607,0.04166666667,0.0701754386,0.01315789474,0.03278688525
101.75,7359,105,179,57,3,7627,272,3.532467532,0.7391304348,0.6984126984,0.7272727273,0.7777777778,0.02898550725,0.04761904762,0.01298701299,0.04761904762
102,7359,105,179,57,3,7629,276,3.584415584,0.7857142857,0.696969697,0.7341772152,0.7704918033,0.02857142857,0.04545454545,0,0.03278688525
102.25,7359,105,179,57,3,7612,328,4.25974026,0.7790697674,0.68,0.7204301075,0.7567567568,0.03488372093,0.04,0,0.02702702703
102.5,7359,105,178,58,3,7584,415,5.38961039,0.7647058824,0.6542056075,0.7247706422,0.7525773196,0.02941176471,0.03738317757,0,0.0206185567
102.75,7359,105,178,58,3,7555,515,6.688311688,0.7661290323,0.6268656716,0.7313432836,0.7642276423,0.04032258065,0.02985074627,0.007462686567,0.0162601626
103,7359,103,180,58,3,7534,603,7.831168831,0.7571428571,0.6291390728,0.746835443,0.7727272727,0.03571428571,0.02649006623,0.01265822785,0.01298701299
103.25,7359,103,180,58,3,7515,706,9.168831169,0.743902439,0.6723163842,0.7513513514,0.7888888889,0.03048780488,0.01694915254,0.01621621622,0.01666666667
103.5,7359,102,180,59,3,7490,860,11.16883117,0.7756097561,0.6826923077,0.7633928571,0.802690583,0.02926829268,0.01923076923,0.01339285714,0.02242152466
103.75,7359,102,180,59,3,7472,989,12.84415584,0.7627118644,0.7160493827,0.7837837838,0.8167330677,0.02542372881,0.01646090535,0.01544401544,0.01992031873
104,7358,102,181,59,3,7436,1140,14.80519481,0.7482517483,0.7430555556,0.7797202797,0.8071428571,0.02797202797,0.02083333333,0.01398601399,0.025
104.25,7358,101,182,59,3,7384,1333,17.31168831,0.7368421053,0.7404129794,0.7804154303,0.8,0.0350877193,0.02064896755,0.0178041543,0.02222222222
104.5,7357,102,182,59,3,7327,1532,19.8961039,0.7279596977,0.7520661157,0.7720588235,0.7774725275,0.02770780856,0.02203856749,0.01470588235,0.01923076923
104.75,7357,102,182,59,3,7284,1728,22.44155844,0.7383592018,0.7567567568,0.7715517241,0.7733990148,0.0266075388,0.02211302211,0.01293103448,0.0197044335
105,7357,101,183,59,3,7261,1893,24.58441558,0.7375,0.7832618026,0.7855711423,0.7678571429,0.02708333333,0.02575107296,0.01402805611,0.01785714286
105.25,7357,100,184,59,3,7213,2054,26.67532468,0.7329434698,0.7707509881,0.7734082397,0.7764471058,0.0253411306,0.02766798419,0.01498127341,0.02794411178
105.5,7357,100,184,59,3,7174,2206,28.64935065,0.7305605787,0.766848816,0.774822695,0.7740740741,0.02893309222,0.02550091075,0.01595744681,0.02592592593
105.75,7356,99,186,59,3,7137,2358,30.62337662,0.7344537815,0.7631133672,0.7764705882,0.7712305026,0.02857142857,0.02538071066,0.01344537815,0.0294627383
106,7356,99,186,59,3,7118,2455,31.88311688,0.7319422151,0.7663398693,0.7788617886,0.7752066116,0.02889245586,0.02614379085,0.01463414634,0.02644628099
106.25,7356,98,187,59,3,7081,2584,33.55844156,0.7296072508,0.7620578778,0.773556231,0.777258567,0.03021148036,0.02572347267,0.01519756839,0.02803738318
106.5,7355,98,188,59,3,7054,2701,35.07792208,0.7259475219,0.7599388379,0.7691176471,0.7885462555,0.027696793,0.02293577982,0.01617647059,0.02790014684
106.75,7355,98,188,59,3,7034,2824,36.67532468,0.7290233838,0.7713458755,0.7671428571,0.790368272,0.03026134801,0.02170767004,0.02,0.02974504249
107,7354,98,189,59,3,6984,2949,38.2987013,0.724137931,0.7727910238,0.7688172043,0.7642276423,0.02917771883,0.0252454418,0.02016129032,0.02845528455
107.25,7354,98,189,59,3,6968,3035,39.41558442,0.7179161372,0.7783783784,0.7748344371,0.7662682603,0.03049555273,0.02567567568,0.02119205298,0.02788844622
107.5,7352,99,190,59,3,6941,3071,39.88311688,0.709798995,0.7659574468,0.7761589404,0.76171875,0.03015075377,0.02526595745,0.01986754967,0.02734375
107.75,7352,99,188,61,3,6911,3116,40.46753247,0.7009925558,0.7558746736,0.7761780105,0.7564102564,0.03225806452,0.02480417755,0.01832460733,0.02564102564
108,7352,99,188,61,3,6912,3119,40.50649351,0.7013630731,0.7595269382,0.7709424084,0.7598475222,0.0322180917,0.02628120894,0.01701570681,0.02668360864
108.25,7352,99,188,61,3,6907,3109,40.37662338,0.6922110553,0.7627118644,0.7673202614,0.7592829706,0.02638190955,0.02737940026,0.01699346405,0.02688860435
108.5,7352,99,188,61,3,6909,3122,40.54545455,0.6948297604,0.768115942,0.7611181703,0.7637292465,0.02648171501,0.02766798419,0.01778907243,0.02681992337
108.75,7352,98,189,61,3,6882,3148,40.88311688,0.6872635561,0.7565104167,0.7598475222,0.7575,0.02648171501,0.02734375,0.01778907243,0.0275
109,7352,98,189,61,3,6879,3168,41.14285714,0.6955974843,0.7558441558,0.7556109726,0.7565543071,0.02641509434,0.02727272727,0.01371571072,0.02996254682
109.25,7352,98,189,61,3,6896,3166,41.11688312,0.7031055901,0.7555847569,0.7556109726,0.7706766917,0.02360248447,0.02890932983,0.01496259352,0.02882205514
109.5,7352,98,189,61,3,6909,3158,41.01298701,0.7042606516,0.7561608301,0.7556390977,0.7825537295,0.02255639098,0.02983138781,0.01503759398,0.03034134008
109.75,7352,98,189,61,3,6905,3172,41.19480519,0.7055137845,0.7525510204,0.7605985037,0.7791878173,0.02130325815,0.03316326531,0.01620947631,0.02791878173
110,7351,99,188,62,3,6910,3166,41.11688312,0.7117794486,0.7503217503,0.7622027534,0.7777777778,0.02005012531,0.03474903475,0.01627033792,0.0303030303
110.25,7351,99,188,62,3,6889,3158,41.01298701,0.7117572693,0.7454068241,0.7555555556,0.7597484277,0.01896333755,0.03412073491,0.01728395062,0.02767295597
110.5,7351,99,188,62,3,6895,3133,40.68831169,0.7095541401,0.746031746,0.7524752475,0.7640306122,0.0178343949,0.03439153439,0.01856435644,0.02423469388
110.75,7350,100,188,62,3,6891,3115,40.45454545,0.7104930468,0.7422818792,0.741813602,0.7668789809,0.02149178255,0.03087248322,0.02141057935,0.02547770701
111,7349,101,188,62,3,6899,3056,39.68831169,0.7017994859,0.7409470752,0.7375160051,0.7715019255,0.0205655527,0.02924791086,0.0204865557,0.02310654685
111.25,7349,101,187,63,3,6912,2961,38.45454545,0.6886543536,0.7439198856,0.7328767123,0.7700258398,0.02242744063,0.02861230329,0.02191780822,0.02325581395
111.5,7349,101,187,63,3,6925,2884,37.45454545,0.6965986395,0.740203193,0.7312588402,0.7569721116,0.0231292517,0.02757619739,0.02404526167,0.02257636122
111.75,7348,102,187,63,3,6931,2841,36.8961039,0.6922005571,0.7401459854,0.735042735,0.75,0.02506963788,0.03065693431,0.01851851852,0.02445652174
112,7348,102,187,63,3,6924,2805,36.42857143,0.6894586895,0.7323529412,0.7285714286,0.7427385892,0.02564102564,0.03088235294,0.01714285714,0.0235131397
112.25,7348,102,187,63,3,6930,2737,35.54545455,0.6894049347,0.7344461305,0.7266081871,0.724822695,0.02322206096,0.02731411229,0.01900584795,0.02269503546
112.5,7348,102,187,63,3,6921,2687,34.8961039,0.6720827179,0.7233082707,0.7239819005,0.7214076246,0.02067946824,0.02406015038,0.01960784314,0.02492668622
112.75,7348,101,188,63,3,6946,2602,33.79220779,0.6721311475,0.7177033493,0.730829421,0.7218045113,0.02086438152,0.02551834131,0.01877934272,0.02105263158
113,7348,101,188,63,3,6957,2532,32.88311688,0.6702954899,0.7085346216,0.7229299363,0.725,0.0233281493,0.02254428341,0.02070063694,0.021875
113.25,7348,101,186,65,3,6952,2479,32.19480519,0.6597774245,0.7037643208,0.711001642,0.719047619,0.02543720191,0.01963993453,0.0197044335,0.02063492063
113.5,7348,101,186,65,3,6961,2438,31.66233766,0.6574225122,0.7135761589,0.6981757877,0.7184466019,0.02446982055,0.01821192053,0.01824212272,0.02103559871
113.75,7348,101,186,65,3,6984,2353,30.55844156,0.6621621622,0.7266435986,0.6958762887,0.6988352745,0.02364864865,0.01903114187,0.01718213058,0.02329450915
114,7348,101,186,65,3,7003,2255,29.28571429,0.6543859649,0.7189781022,0.6918918919,0.6993127148,0.02280701754,0.01824817518,0.01801801802,0.01890034364
114.25,7345,103,187,65,3,7024,2173,28.22077922,0.6419529837,0.7150943396,0.6962264151,0.7035714286,0.02712477396,0.01698113208,0.01698113208,0.01964285714
114.5,7345,103,187,65,3,7041,2067,26.84415584,0.6320754717,0.6947791165,0.695049505,0.7041198502,0.02452830189,0.01807228916,0.01782178218,0.02059925094
114.75,7345,103,187,65,3,7066,1966,25.53246753,0.6209016393,0.6934460888,0.6939203354,0.7007575758,0.02459016393,0.02114164905,0.02096436059,0.01893939394
115,7345,103,187,65,3,7070,1924,24.98701299,0.6129707113,0.6872340426,0.6768558952,0.7104247104,0.0230125523,0.01914893617,0.02183406114,0.01930501931
115.25,7345,103,187,65,3,7084,1891,24.55844156,0.6228813559,0.6901709402,0.6659142212,0.7145669291,0.02118644068,0.02136752137,0.02257336343,0.0157480315
115.5,7345,103,187,65,3,7115,1832,23.79220779,0.6371681416,0.7044444444,0.6574074074,0.718875502,0.02212389381,0.02666666667,0.02083333333,0.0140562249
115.75,7345,103,187,65,3,7113,1807,23.46753247,0.6319290466,0.6993006993,0.6516587678,0.7128712871,0.0133037694,0.03263403263,0.02606635071,0.01188118812
116,7344,104,187,65,3,7123,1757,22.81818182,0.6324200913,0.6805896806,0.6478873239,0.7201646091,0.01369863014,0.0343980344,0.02112676056,0.02263374486
116.25,7344,103,188,65,3,7134,1726,22.41558442,0.6302325581,0.6860759494,0.6697459584,0.7008547009,0.01627906977,0.03544303797,0.02309468822,0.0235042735
116.5,7344,102,189,65,3,7142,1697,22.03896104,0.6272727273,0.675257732,0.6738095238,0.7082405345,0.01363636364,0.04381443299,0.02142857143,0.02227171492
116.75,7343,103,189,65,3,7165,1636,21.24675325,0.6037735849,0.6921052632,0.6926952141,0.7057471264,0.01179245283,0.04736842105,0.01763224181,0.0275862069
117,7343,102,189,66,3,7170,1612,20.93506494,0.615942029,0.6737400531,0.6897435897,0.7053364269,0.01207729469,0.05039787798,0.01794871795,0.02784222738
117.25,7343,102,188,67,3,7165,1580,20.51948052,0.601965602,0.6739726027,0.6736292428,0.6964705882,0.01228501229,0.05205479452,0.02349869452,0.02588235294
117.5,7343,102,188,67,3,7172,1548,20.1038961,0.5939849624,0.6847826087,0.672,0.6871921182,0.01002506266,0.05434782609,0.01866666667,0.02463054187
117.75,7343,102,188,67,3,7169,1529,19.85714286,0.5928753181,0.6694915254,0.672,0.6781326781,0.007633587786,0.0593220339,0.02133333333,0.02211302211
118,7343,102,188,67,3,7180,1495,19.41558442,0.5850515464,0.6657303371,0.6784741144,0.6822916667,0.01030927835,0.05617977528,0.01907356948,0.0234375
118.25,7343,102,188,67,3,7173,1498,19.45454545,0.5639686684,0.6814404432,0.6906666667,0.6596306069,0.0182767624,0.05263157895,0.016,0.0290237467
118.5,7343,101,188,68,3,7184,1483,19.25974026,0.5880758808,0.6855524079,0.6902173913,0.6463104326,0.0189701897,0.0566572238,0.01630434783,0.02544529262
118.75,7343,101,188,68,3,7187,1475,19.15584416,0.5949008499,0.6740947075,0.6781914894,0.6589147287,0.02266288952,0.05013927577,0.01861702128,0.02325581395
119,7343,101,188,68,3,7190,1450,18.83116883,0.581871345,0.6704225352,0.6811989101,0.6554404145,0.02339181287,0.04507042254,0.01634877384,0.02331606218
119.25,7343,101,188,68,3,7206,1422,18.46753247,0.586102719,0.6791907514,0.6929347826,0.6472148541,0.02416918429,0.04913294798,0.01630434783,0.02917771883
119.5,7343,101,188,68,3,7230,1318,17.11688312,0.5801282051,0.6634920635,0.6773255814,0.6484149856,0.02243589744,0.05079365079,0.01744186047,0.02593659942
119.75,7341,102,189,68,3,7303,1137,14.76623377,0.5703422053,0.663003663,0.701986755,0.6588628763,0.01901140684,0.04395604396,0.01655629139,0.02341137124
120,7341,101,190,68,3,7351,992,12.88311688,0.5807860262,0.6680497925,0.6705426357,0.6666666667,0.01746724891,0.04564315353,0.01937984496,0.02272727273
120.25,7341,101,190,68,3,7390,879,11.41558442,0.5748792271,0.6952380952,0.6637554585,0.652360515,0.0193236715,0.04285714286,0.02183406114,0.02575107296
120.5,7341,101,190,68,3,7420,779,10.11688312,0.5652173913,0.6808510638,0.6682464455,0.6428571429,0.02173913043,0.04787234043,0.02369668246,0.01530612245
120.75,7341,101,190,68,3,7439,700,9.090909091,0.5602409639,0.6783625731,0.6580310881,0.6058823529,0.02409638554,0.05263157895,0.0207253886,0.01764705882
121,7340,102,190,68,3,7464,622,8.077922078,0.5524475524,0.6688311688,0.6432748538,0.6103896104,0.02097902098,0.05844155844,0.02339181287,0.01948051948
121.25,7340,102,190,68,3,7496,548,7.116883117,0.553030303,0.6691729323,0.6896551724,0.5942028986,0.01515151515,0.06015037594,0.0275862069,0.02173913043
121.5,7340,102,190,68,3,7518,494,6.415584416,0.5726495726,0.6695652174,0.6911764706,0.5873015873,0.01709401709,0.06086956522,0.02941176471,0.02380952381
121.75,7340,102,190,68,3,7537,436,5.662337662,0.56,0.6990291262,0.6554621849,0.5877192982,0.02,0.05825242718,0.03361344538,0.02631578947
122,7340,101,191,68,3,7548,395,5.12987013,0.5434782609,0.6777777778,0.6727272727,0.5631067961,0.02173913043,0.06666666667,0.02727272727,0.02912621359
122.25,7340,101,191,68,3,7558,354,4.597402597,0.5176470588,0.6455696203,0.6632653061,0.5652173913,0.02352941176,0.06329113924,0.0306122449,0.03260869565
122.5,7340,100,191,69,3,7574,319,4.142857143,0.5256410256,0.671641791,0.6627906977,0.5681818182,0.02564102564,0.0447761194,0.02325581395,0.03409090909
122.75,7340,100,191,69,3,7584,297,3.857142857,0.5492957746,0.6612903226,0.6385542169,0.5925925926,0.02816901408,0.04838709677,0.02409638554,0.03703703704
123,7340,100,191,69,3,7591,284,3.688311688,0.5294117647,0.6507936508,0.65,0.6301369863,0.02941176471,0.03174603175,0.0375,0.04109589041
123.25,7340,100,191,69,3,7595,271,3.519480519,0.5151515152,0.6440677966,0.6486486486,0.6388888889,0.0303030303,0.03389830508,0.04054054054,0.04166666667
123.5,7339,100,192,69,3,7605,260,3.376623377,0.5409836066,0.6896551724,0.671641791,0.6351351351,0.03278688525,0.03448275862,0.0447761194,0.02702702703
123.75,7339,100,192,69,3,7603,257,3.337662338,0.5238095238,0.7068965517,0.6666666667,0.6,0.03174603175,0.03448275862,0.06060606061,0.02857142857
124,7339,100,192,69,3,7603,265,3.441558442,0.5076923077,0.7096774194,0.6507936508,0.6666666667,0.03076923077,0.03225806452,0.06349206349,0.02666666667
124.25,7339,99,193,69,3,7600,264,3.428571429,0.5,0.7166666667,0.625,0.6447368421,0.015625,0.03333333333,0.0625,0.02631578947
124.5,7339,99,193,69,3,7593,264,3.428571429,0.4736842105,0.6610169492,0.5942028986,0.6329113924,0.01754385965,0.01694915254,0.05797101449,0.0253164557
124.75,7339,98,194,69,3,7591,266,3.454545455,0.4833333333,0.6140350877,0.5942028986,0.65,0.01666666667,0.01754385965,0.05797101449,0.025
125,7339,98,194,69,3,7597,265,3.441558442,0.5178571429,0.6612903226,0.6056338028,0.6447368421,0.01785714286,0.01612903226,0.05633802817,0.02631578947
125.25,7339,98,194,69,3,7601,262,3.402597403,0.5555555556,0.6666666667,0.6111111111,0.6438356164,0.03703703704,0.01587301587,0.04166666667,0.01369863014
125.5,7339,98,194,69,3,7595,265,3.441558442,0.5666666667,0.6349206349,0.6197183099,0.5915492958,0.03333333333,0.01587301587,0.04225352113,0.01408450704
125.75,7339,97,195,69,3,7586,271,3.519480519,0.5652173913,0.5909090909,0.6231884058,0.5373134328,0.04347826087,0.01515151515,0.02898550725,0.01492537313
126,7339,97,195,69,3,7585,273,3.545454545,0.5757575758,0.6,0.6111111111,0.5285714286,0.04545454545,0.01538461538,0.02777777778,0.01428571429
126.25,7338,97,196,69,3,7580,290,3.766233766,0.5789473684,0.5753424658,0.6351351351,0.552238806,0.03947368421,0.02739726027,0.02702702703,0.01492537313
126.5,7338,97,195,70,3,7573,302,3.922077922,0.5569620253,0.6025641026,0.6202531646,0.5303030303,0.03797468354,0.02564102564,0.03797468354,0
126.75,7338,97,194,71,3,7575,297,3.857142857,0.5584415584,0.5588235294,0.6219512195,0.5714285714,0.03896103896,0.01470588235,0.03658536585,0
127,7338,97,193,72,3,7565,306,3.974025974,0.5,0.5616438356,0.625,0.5466666667,0.03846153846,0.01369863014,0.0375,0
127.25,7338,97,193,72,3,7564,307,3.987012987,0.5068493151,0.5394736842,0.6329113924,0.5443037975,0.05479452055,0.03947368421,0.03797468354,0
127.5,7338,97,193,72,3,7563,319,4.142857143,0.5454545455,0.5375,0.6375,0.5609756098,0.06493506494,0.0375,0.0375,0
127.75,7338,97,193,72,3,7561,323,4.194805195,0.5443037975,0.5542168675,0.6233766234,0.5595238095,0.06329113924,0.03614457831,0.02597402597,0.0119047619
128,7337,97,194,72,3,7562,326,4.233766234,0.5394736842,0.5731707317,0.6216216216,0.5744680851,0.06578947368,0.03658536585,0.02702702703,0.02127659574
128.25,7336,98,194,72,3,7526,429,5.571428571,0.5495495495,0.6095238095,0.6530612245,0.5739130435,0.04504504505,0.0380952381,0.02040816327,0.02608695652
128.5,7336,98,193,73,3,7431,668,8.675324675,0.5773809524,0.5862068966,0.6533333333,0.5795454545,0.04166666667,0.02873563218,0.02,0.02840909091
128.75,7336,98,193,73,3,7337,900,11.68831169,0.587962963,0.5805084746,0.6279069767,0.5922746781,0.04166666667,0.03389830508,0.009302325581,0.02575107296
129,7336,97,194,73,3,7259,1129,14.66233766,0.5992647059,0.6075085324,0.6268115942,0.6041666667,0.04044117647,0.03754266212,0.01811594203,0.02777777778
129.25,7336,97,194,73,3,7177,1356,17.61038961,0.5928143713,0.613372093,0.6335227273,0.6165644172,0.03892215569,0.03488372093,0.01704545455,0.0245398773
129.5,7330,102,195,73,3,7080,1585,20.58441558,0.5805626598,0.6136919315,0.6029776675,0.6387434555,0.04347826087,0.03667481663,0.01985111663,0.02094240838
129.75,7330,102,194,74,3,7020,1735,22.53246753,0.5798122066,0.6227678571,0.5995575221,0.630806846,0.03990610329,0.03571428571,0.01991150442,0.02200488998
130,7330,102,193,75,3,6947,1909,24.79220779,0.5726315789,0.6217303823,0.6044176707,0.6241457859,0.03368421053,0.03420523139,0.02008032129,0.02050113895
130.25,7330,102,192,76,3,6849,2115,27.46753247,0.5708884688,0.619047619,0.5890909091,0.612244898,0.03213610586,0.0347985348,0.01636363636,0.02040816327
130.5,7330,102,192,76,3,6772,2271,29.49350649,0.5716753022,0.6027874564,0.593537415,0.5981132075,0.0310880829,0.03484320557,0.01700680272,0.01886792453
130.75,7330,102,192,76,3,6721,2407,31.25974026,0.5846905537,0.5903814262,0.6044657097,0.593250444,0.02931596091,0.03150912106,0.02232854864,0.01776198934
131,7329,103,192,76,3,6707,2496,32.41558442,0.5990566038,0.5952,0.6139534884,0.6,0.02830188679,0.0288,0.02170542636,0.01694915254
131.25,7329,103,192,76,3,6649,2610,33.8961039,0.584992343,0.601217656,0.6082474227,0.5942028986,0.02909647779,0.02891933029,0.02209131075,0.01610305958
131.5,7329,102,192,77,3,6609,2751,35.72727273,0.5920471281,0.6169296987,0.6106321839,0.5935198822,0.0265095729,0.02582496413,0.02298850575,0.01620029455
131.75,7328,103,192,77,3,6591,2806,36.44155844,0.5928571429,0.6204906205,0.6125,0.5930735931,0.02714285714,0.0303030303,0.02361111111,0.02164502165
132,7328,102,193,77,3,6568,2850,37.01298701,0.5839210155,0.6141618497,0.6126373626,0.600554785,0.02679830748,0.03034682081,0.02335164835,0.02635228849
132.25,7328,101,193,78,3,6565,2905,37.72727273,0.5849056604,0.6228813559,0.6151761518,0.6150627615,0.02425876011,0.02966101695,0.0243902439,0.02789400279
132.5,7327,102,193,78,3,6561,2926,38,0.5853658537,0.6323119777,0.6163101604,0.6094182825,0.02845528455,0.03064066852,0.02406417112,0.02631578947
132.75,7327,102,193,78,3,6563,2902,37.68831169,0.5831024931,0.6317241379,0.612244898,0.6055555556,0.02908587258,0.03034482759,0.0231292517,0.02638888889
133,7327,102,193,78,3,6537,2923,37.96103896,0.5849315068,0.6260504202,0.6063829787,0.5914718019,0.02876712329,0.02801120448,0.02393617021,0.02475928473
133.25,7327,102,193,78,3,6520,2944,38.23376623,0.5798090041,0.6197771588,0.5928853755,0.6049046322,0.0272851296,0.02646239554,0.02635046113,0.02452316076
133.5,7327,102,193,78,3,6508,2964,38.49350649,0.5739247312,0.6131687243,0.5928381963,0.6119402985,0.02553763441,0.02606310014,0.02652519894,0.02578018996
133.75,7327,101,194,78,3,6502,2952,38.33766234,0.5742971888,0.6193103448,0.5960264901,0.5875862069,0.02677376171,0.02620689655,0.02516556291,0.0275862069
134,7327,101,194,78,3,6498,2948,38.28571429,0.5624161074,0.6126373626,0.6063829787,0.5878284924,0.0255033557,0.0260989011,0.02393617021,0.02766251729
134.25,7327,101,194,78,3,6503,2968,38.54545455,0.5824324324,0.6056527591,0.6044973545,0.5939643347,0.02702702703,0.0269179004,0.02380952381,0.02469135802
134.5,7327,101,194,78,3,6506,2947,38.27272727,0.5784447476,0.6096256684,0.6037483266,0.5869262865,0.02455661664,0.02540106952,0.02543507363,0.02503477051
134.75,7326,102,194,78,3,6510,2931,38.06493506,0.5778078484,0.6088709677,0.5997304582,0.5892351275,0.02300405954,0.02688172043,0.02425876011,0.02407932011
135,7326,102,194,78,3,6508,2909,37.77922078,0.5793103448,0.6032608696,0.5951086957,0.5828651685,0.02482758621,0.0285326087,0.02309782609,0.02387640449
135.25,7326,102,194,78,3,6515,2879,37.38961039,0.5788005579,0.6008230453,0.5833333333,0.5905848787,0.02370990237,0.02880658436,0.0218579235,0.02567760342
135.5,7326,100,196,78,3,6523,2857,37.1038961,0.5796089385,0.5991620112,0.5765027322,0.5974025974,0.02653631285,0.02793296089,0.0218579235,0.02597402597
135.75,7326,100,196,78,3,6534,2836,36.83116883,0.5871428571,0.5941422594,0.5826330532,0.5914893617,0.02714285714,0.02649930265,0.02100840336,0.02411347518
136,7326,100,196,78,3,6546,2813,36.53246753,0.5794655415,0.5958333333,0.5878962536,0.5959302326,0.02812939522,0.025,0.02161383285,0.02470930233
136.25,7326,100,196,78,3,6559,2778,36.07792208,0.5774647887,0.5946327684,0.5861561119,0.5991189427,0.03098591549,0.02683615819,0.0206185567,0.02790014684
136.5,7326,100,195,79,3,6552,2782,36.12987013,0.5694444444,0.5971830986,0.5857988166,0.5976331361,0.03055555556,0.02816901408,0.02071005917,0.03106508876
136.75,7326,99,196,79,3,6565,2761,35.85714286,0.556802244,0.6031518625,0.5917159763,0.6053412463,0.02805049088,0.02722063037,0.02366863905,0.03115727003
137,7326,99,196,79,3,6561,2775,36.03896104,0.5520110957,0.6150568182,0.5935198822,0.5991058122,0.02773925104,0.02698863636,0.0235640648,0.03129657228
137.25,7326,99,196,79,3,6577,2684,34.85714286,0.5525568182,0.6079881657,0.5867269985,0.5803432137,0.02414772727,0.02810650888,0.02262443439,0.02964118565
137.5,7326,99,196,79,3,6634,2566,33.32467532,0.5620328849,0.6015503876,0.584375,0.591503268,0.02391629297,0.02635658915,0.0203125,0.02941176471
137.75,7326,99,196,79,3,6686,2458,31.92207792,0.5634920635,0.6057692308,0.5926517572,0.5882352941,0.02222222222,0.02884615385,0.02236421725,0.0276816609
138,7326,99,196,79,3,6698,2379,30.8961039,0.5647840532,0.5908319185,0.5931928687,0.5656742557,0.01827242525,0.02376910017,0.02106969206,0.02802101576
138.25,7326,98,197,79,3,6756,2270,29.48051948,0.5514834206,0.6014109347,0.6075731497,0.5755919854,0.01570680628,0.02645502646,0.02065404475,0.02732240437
138.5,7326,98,197,79,3,6794,2208,28.67532468,0.5503597122,0.5952813067,0.6323268206,0.5799256506,0.01438848921,0.02903811252,0.01953818828,0.02416356877
138.75,7326,98,197,79,3,6806,2153,27.96103896,0.5419708029,0.5873605948,0.6321428571,0.5759368836,0.01642335766,0.03345724907,0.01785714286,0.02169625247
139,7326,98,196,80,3,6844,2080,27.01298701,0.5311909263,0.593625498,0.6266173752,0.6023622047,0.01890359168,0.03585657371,0.01663585952,0.02165354331
139.25,7326,98,196,80,3,6844,2036,26.44155844,0.5248091603,0.5763747454,0.6299065421,0.5864197531,0.01717557252,0.0366598778,0.01682242991,0.02263374486
139.5,7325,98,197,80,3,6837,2005,26.03896104,0.5192307692,0.5788381743,0.6278625954,0.5511482255,0.01730769231,0.03734439834,0.01526717557,0.02713987474
139.75,7325,98,197,80,3,6857,1973,25.62337662,0.5181644359,0.5726315789,0.6294117647,0.5720430108,0.017208413,0.02947368421,0.0137254902,0.02365591398
140,7325,98,197,80,3,6855,1987,25.80519481,0.5287356322,0.5640495868,0.6485436893,0.5557939914,0.0153256705,0.02685950413,0.01941747573,0.02360515021
140.25,7325,98,196,81,3,6867,1936,25.14285714,0.5446985447,0.5571725572,0.6315789474,0.5401301518,0.01663201663,0.03118503119,0.02339181287,0.02819956616
140.5,7325,98,196,81,3,6882,1920,24.93506494,0.575,0.5550847458,0.63671875,0.5219298246,0.01666666667,0.03601694915,0.0234375,0.02631578947
140.75,7324,98,197,81,3,6878,1910,24.80519481,0.5768421053,0.5576519916,0.6123260437,0.5274725275,0.01894736842,0.03354297694,0.02584493042,0.02417582418
141,7324,98,197,81,3,6868,1900,24.67532468,0.575,0.5272727273,0.601659751,0.5440180587,0.02083333333,0.0303030303,0.02697095436,0.02708803612
141.25,7324,98,197,81,3,6871,1874,24.33766234,0.5510638298,0.5389344262,0.5882352941,0.5522727273,0.0170212766,0.02868852459,0.02731092437,0.03181818182
141.5,7324,98,197,81,3,6879,1834,23.81818182,0.5583333333,0.5235042735,0.5752212389,0.5529953917,0.01875,0.02564102564,0.03318584071,0.02995391705
141.75,7324,98,197,81,3,6893,1815,23.57142857,0.5583864119,0.5333333333,0.5875831486,0.5420560748,0.02123142251,0.02150537634,0.0354767184,0.02803738318
142,7324,98,197,81,3,6896,1790,23.24675325,0.5502183406,0.5257270694,0.5829694323,0.5433255269,0.01746724891,0.02013422819,0.03056768559,0.0281030445
142.25,7324,98,197,81,3,6997,1543,20.03896104,0.5609137056,0.5142118863,0.5856777494,0.5148247978,0.01776649746,0.02067183463,0.03069053708,0.02964959569
142.5,7324,98,197,81,3,7108,1302,16.90909091,0.5776397516,0.518404908,0.5727272727,0.512345679,0.02173913043,0.02147239264,0.02727272727,0.02777777778
142.75,7324,98,197,81,3,7197,1120,14.54545455,0.5808823529,0.5268817204,0.5793103448,0.5161290323,0.02205882353,0.01075268817,0.0275862069,0.02867383513
143,7324,98,197,81,3,7270,946,12.28571429,0.5955555556,0.4978902954,0.5714285714,0.5188284519,0.02222222222,0.01265822785,0.03265306122,0.02510460251
143.25,7324,98,196,82,3,7335,796,10.33766234,0.5792349727,0.4880382775,0.585,0.5196078431,0.01092896175,0.01435406699,0.04,0.01960784314
143.5,7324,98,196,82,3,7392,679,8.818181818,0.5732484076,0.5028901734,0.5875706215,0.523255814,0.0127388535,0.01734104046,0.04519774011,0.02325581395
143.75,7324,98,196,82,3,7445,578,7.506493506,0.5615384615,0.525974026,0.6118421053,0.5352112676,0.007692307692,0.01948051948,0.03947368421,0.02816901408
144,7324,98,195,83,3,7470,515,6.688311688,0.5603448276,0.5,0.5912408759,0.564516129,0.008620689655,0.02898550725,0.04379562044,0.02419354839
144.25,7324,97,196,83,3,7503,432,5.61038961,0.5568181818,0.5,0.564516129,0.5566037736,0,0.0350877193,0.04838709677,0.02830188679
144.5,7324,97,196,83,3,7522,378,4.909090909,0.5263157895,0.4835164835,0.5495495495,0.55,0,0.03296703297,0.05405405405,0.03
144.75,7324,96,196,84,3,7547,326,4.233766234,0.4925373134,0.511627907,0.5520833333,0.5584415584,0,0.03488372093,0.0625,0.02597402597
145,7324,96,196,84,3,7565,293,3.805194805,0.5245901639,0.472972973,0.5730337079,0.5797101449,0,0.02702702703,0.06741573034,0.02898550725
145.25,7324,96,195,85,3,7579,266,3.454545455,0.5185185185,0.4857142857,0.5844155844,0.5846153846,0,0.01428571429,0.06493506494,0.03076923077
145.5,7324,96,194,86,3,7591,244,3.168831169,0.5531914894,0.5076923077,0.5479452055,0.6101694915,0,0.01538461538,0.06849315068,0.03389830508
145.75,7324,96,194,86,3,7595,226,2.935064935,0.5227272727,0.5081967213,0.5303030303,0.5818181818,0,0.01639344262,0.07575757576,0.03636363636
146,7324,96,194,86,3,7597,210,2.727272727,0.5476190476,0.4655172414,0.5166666667,0.52,0,0.01724137931,0.06666666667,0.04
146.25,7324,96,194,86,3,7608,193,2.506493506,0.5945945946,0.4727272727,0.5172413793,0.5348837209,0,0.01818181818,0.06896551724,0.02325581395
146.5,7324,96,194,86,3,7614,173,2.246753247,0.5625,0.4897959184,0.4727272727,0.5135135135,0,0.02040816327,0.07272727273,0.02702702703
146.75,7324,96,194,86,3,7616,171,2.220779221,0.5454545455,0.5,0.5185185185,0.4722222222,0,0.02083333333,0.07407407407,0.02777777778
147,7324,96,194,86,3,7621,158,2.051948052,0.53125,0.5227272727,0.5102040816,0.4242424242,0,0.02272727273,0.0612244898,0.0303030303
147.25,7324,96,193,87,3,7626,151,1.961038961,0.5714285714,0.5681818182,0.4680851064,0.4375,0,0.02272727273,0.06382978723,0.03125
147.5,7324,96,193,87,3,7632,144,1.87012987,0.5925925926,0.5853658537,0.4893617021,0.4482758621,0,0.0243902439,0.06382978723,0.03448275862
147.75,7324,96,191,89,3,7629,151,1.961038961,0.6071428571,0.6,0.4716981132,0.4666666667,0,0.025,0.05660377358,0.03333333333
148,7324,96,190,90,3,7632,151,1.961038961,0.6296296296,0.5897435897,0.4905660377,0.53125,0,0.02564102564,0.05660377358,0.03125
148.25,7324,96,190,90,3,7631,156,2.025974026,0.6666666667,0.6097560976,0.4814814815,0.5294117647,0,0.0243902439,0.03703703704,0.02941176471
148.5,7324,96,189,91,3,7624,163,2.116883117,0.6538461538,0.6,0.4482758621,0.5,0,0.02222222222,0.03448275862,0.02941176471
148.75,7324,96,189,91,3,7620,163,2.116883117,0.5925925926,0.5813953488,0.4137931034,0.5142857143,0,0,0.03448275862,0.02857142857
149,7324,96,189,91,3,7620,165,2.142857143,0.5714285714,0.619047619,0.4426229508,0.4705882353,0,0,0.03278688525,0.02941176471
149.25,7324,96,189,91,3,7627,160,2.077922078,0.5555555556,0.6829268293,0.4385964912,0.5428571429,0,0,0.0350877193,0.02857142857
149.5,7324,96,189,91,3,7625,163,2.116883117,0.5769230769,0.7073170732,0.4310344828,0.5,0,0,0.03448275862,0.02631578947
149.75,7324,95,190,91,3,7623,162,2.103896104,0.5517241379,0.6153846154,0.4736842105,0.4864864865,0,0,0.0350877193,0.02702702703
150,7324,95,190,91,3,7616,171,2.220779221,0.5675675676,0.6052631579,0.4482758621,0.4473684211,0.05405405405,0,0.03448275862,0.02631578947
150.25,7324,95,189,92,3,7571,259,3.363636364,0.6290322581,0.5762711864,0.3866666667,0.4444444444,0.01612903226,0.01694915254,0.02666666667,0.01587301587
150.5,7324,95,189,92,3,7522,360,4.675324675,0.585106383,0.5357142857,0.4239130435,0.4777777778,0.03191489362,0.0119047619,0.02173913043,0.02222222222
150.75,7324,95,189,92,3,7469,466,6.051948052,0.552,0.5576923077,0.452173913,0.4590163934,0.032,0.02884615385,0.01739130435,0.02459016393
151,7324,95,189,92,3,7432,557,7.233766234,0.5479452055,0.5658914729,0.4965034965,0.4676258993,0.03424657534,0.03100775194,0.02097902098,0.02158273381
151.25,7324,95,188,93,3,7379,656,8.519480519,0.5142857143,0.5714285714,0.4761904762,0.4879518072,0.02857142857,0.03401360544,0.02976190476,0.01807228916
151.5,7324,95,188,93,3,7307,800,10.38961039,0.5201793722,0.581920904,0.4897959184,0.4509803922,0.02242152466,0.04519774011,0.02551020408,0.02450980392
151.75,7324,95,188,93,3,7240,967,12.55844156,0.5363984674,0.55,0.520661157,0.4918032787,0.02298850575,0.03636363636,0.02479338843,0.02459016393
152,7324,95,188,93,3,7169,1109,14.4025974,0.5451505017,0.5366795367,0.5145985401,0.4873646209,0.02341137124,0.03474903475,0.02554744526,0.02527075812
152.25,7324,95,188,93,3,7123,1243,16.14285714,0.5432835821,0.5578231293,0.5424836601,0.5,0.02388059701,0.0306122449,0.01960784314,0.02597402597
152.5,7324,94,189,93,3,7070,1366,17.74025974,0.543715847,0.5552050473,0.5253731343,0.5316091954,0.02459016393,0.03154574132,0.01492537313,0.02873563218
152.75,7324,94,189,93,3,7034,1473,19.12987013,0.5515463918,0.5616045845,0.5322128852,0.5461741425,0.01804123711,0.02865329513,0.02240896359,0.0290237467
153,7324,94,189,93,3,7004,1561,20.27272727,0.5407407407,0.5538057743,0.5581395349,0.5644329897,0.02222222222,0.02624671916,0.02325581395,0.02835051546
153.25,7324,94,188,94,3,6966,1674,21.74025974,0.5524475524,0.5748218527,0.5512195122,0.5676328502,0.01631701632,0.03087885986,0.02195121951,0.03140096618
153.5,7324,94,188,94,3,6900,1788,23.22077922,0.5515695067,0.5594713656,0.552173913,0.546728972,0.01569506726,0.03303964758,0.02391304348,0.03037383178
153.75,7324,94,188,94,3,6865,1868,24.25974026,0.5479744136,0.5604166667,0.5567226891,0.546275395,0.02132196162,0.02916666667,0.02100840336,0.0316027088
154,7324,94,188,94,3,6834,1941,25.20779221,0.5502008032,0.5496957404,0.5679012346,0.5474137931,0.02208835341,0.03042596349,0.02469135802,0.03232758621
154.25,7324,94,188,94,3,6782,2033,26.4025974,0.5377358491,0.5484496124,0.5506072874,0.5578093306,0.02264150943,0.02519379845,0.02226720648,0.02839756592
154.5,7323,95,188,94,3,6716,2168,28.15584416,0.5346358792,0.5390070922,0.5461538462,0.56621881,0.02309058615,0.02482269504,0.02307692308,0.03071017274
154.75,7323,95,187,95,3,6635,2336,30.33766234,0.5348837209,0.5342019544,0.5497287523,0.5590828924,0.02990033223,0.02442996743,0.02350813743,0.03174603175
155,7323,95,187,95,3,6571,2472,32.1038961,0.5325914149,0.5327102804,0.5514333895,0.5575657895,0.03179650238,0.02024922118,0.02192242833,0.03125
155.25,7323,95,187,95,3,6497,2620,34.02597403,0.5266362253,0.5300146413,0.5481832543,0.5595054096,0.0304414003,0.02049780381,0.0205371248,0.02782071097
155.5,7323,95,187,95,3,6454,2724,35.37662338,0.5261627907,0.5300699301,0.5440729483,0.5716440422,0.02761627907,0.02237762238,0.01823708207,0.02564102564
155.75,7322,95,188,95,3,6415,2784,36.15584416,0.5158501441,0.5266030014,0.5466666667,0.5659824047,0.02593659942,0.02455661664,0.01777777778,0.02346041056
156,7322,95,188,95,3,6357,2855,37.07792208,0.5097493036,0.5219123506,0.5383502171,0.5497835498,0.02646239554,0.02656042497,0.01881331404,0.02453102453
156.25,7321,96,188,95,3,6345,2909,37.77922078,0.5155615697,0.5248691099,0.5424929178,0.5557142857,0.0297699594,0.02879581152,0.01841359773,0.02428571429
156.5,7321,96,187,96,3,6316,2942,38.20779221,0.5074424899,0.5171503958,0.5443383356,0.5505617978,0.0297699594,0.0290237467,0.0204638472,0.02528089888
156.75,7321,96,187,96,3,6288,2988,38.80519481,0.5039787798,0.5215123859,0.554200542,0.5308641975,0.03050397878,0.02737940026,0.0189701897,0.02331961591
157,7321,96,186,97,3,6270,3012,39.11688312,0.5019607843,0.5253576073,0.5420560748,0.5322359396,0.02875816993,0.02730819246,0.0173564753,0.0219478738
157.25,7321,96,186,97,3,6288,3000,38.96103896,0.5079365079,0.5376623377,0.5370879121,0.5348525469,0.03042328042,0.02857142857,0.01923076923,0.02144772118
157.5,7320,97,185,98,3,6288,2999,38.94805195,0.5079575597,0.5290322581,0.5396174863,0.5406504065,0.03050397878,0.02451612903,0.01912568306,0.0216802168
157.75,7320,96,186,98,3,6277,3021,39.23376623,0.5099866844,0.528809219,0.5423956931,0.5348525469,0.03062583222,0.02304737516,0.0201884253,0.02412868633
158,7320,96,186,98,3,6289,2991,38.84415584,0.5088435374,0.5358974359,0.5464333782,0.5211459754,0.02857142857,0.02179487179,0.01884253028,0.02319236016
158.25,7320,95,187,98,3,6297,2965,38.50649351,0.5110803324,0.5322164948,0.5448460509,0.5180555556,0.02770083102,0.0206185567,0.0187416332,0.02361111111
158.5,7320,95,187,98,3,6283,2960,38.44155844,0.5104895105,0.5299479167,0.5342281879,0.5095628415,0.02797202797,0.02604166667,0.01744966443,0.02322404372
158.75,7320,95,187,98,3,6294,2937,38.14285714,0.5027855153,0.54296875,0.5284552846,0.5091164095,0.03064066852,0.02473958333,0.0189701897,0.0252454418
159,7320,95,187,98,3,6317,2916,37.87012987,0.4971830986,0.5551181102,0.5385656292,0.5092198582,0.0323943662,0.02362204724,0.01894451962,0.02695035461
159.25,7320,95,187,98,3,6319,2891,37.54545455,0.4950071327,0.5533596838,0.5228848821,0.5154929577,0.03138373752,0.02503293808,0.01803051318,0.02394366197
159.5,7320,94,187,99,3,6342,2866,37.22077922,0.506456241,0.5464190981,0.5275482094,0.5224963716,0.03156384505,0.02387267905,0.01790633609,0.02467343977
159.75,7320,94,187,99,3,6337,2860,37.14285714,0.5021459227,0.5358090186,0.5181058496,0.5370101597,0.03004291845,0.02387267905,0.01810584958,0.02322206096
160,7320,94,187,99,3,6356,2840,36.88311688,0.5128205128,0.5359565807,0.5126404494,0.5457184325,0.02849002849,0.02442333786,0.01825842697,0.02177068215
160.25,7320,94,187,99,3,6376,2805,36.42857143,0.4992846924,0.5396600567,0.5232067511,0.5500725689,0.02575107296,0.02124645892,0.01687763713,0.02322206096
160.5,7320,94,186,100,3,6401,2772,36,0.5057971014,0.5367965368,0.5361702128,0.5467836257,0.02173913043,0.02308802309,0.01985815603,0.02777777778
160.75,7319,95,186,100,3,6408,2719,35.31168831,0.4948301329,0.5384615385,0.5299145299,0.5361445783,0.02658788774,0.02366863905,0.01709401709,0.03162650602
161,7319,95,186,100,3,6443,2664,34.5974026,0.4917293233,0.5384615385,0.5409356725,0.5414110429,0.02406015038,0.02413273002,0.01315789474,0.03527607362
161.25,7318,96,186,100,3,6471,2612,33.92207792,0.506116208,0.5385802469,0.5350609756,0.5382262997,0.02140672783,0.0262345679,0.0137195122,0.03516819572
161.5,7318,96,186,100,3,6490,2586,33.58441558,0.5171875,0.5341426404,0.5359375,0.5409582689,0.0203125,0.02579666161,0.0140625,0.03554868624
161.75,7318,96,186,100,3,6571,2471,32.09090909,0.5261437908,0.5550314465,0.5444078947,0.5463414634,0.01633986928,0.0251572327,0.01151315789,0.03089430894
162,7318,96,185,101,3,6600,2371,30.79220779,0.5204081633,0.5518394649,0.534109817,0.5376712329,0.01530612245,0.02508361204,0.009983361065,0.02739726027
162.25,7318,96,185,101,3,6652,2293,29.77922078,0.5401709402,0.5557522124,0.5309278351,0.5454545455,0.01196581197,0.02654867257,0.01030927835,0.02495543672
162.5,7318,96,185,101,3,6676,2219,28.81818182,0.5342706503,0.5575539568,0.5171171171,0.5454545455,0.01054481547,0.03057553957,0.01081081081,0.02968460111
162.75,7318,94,187,101,3,6696,2173,28.22077922,0.5353901996,0.5626134301,0.5175600739,0.5358490566,0.01451905626,0.02722323049,0.01109057301,0.03018867925
163,7318,94,186,102,3,6711,2129,27.64935065,0.5386029412,0.5510204082,0.5334608031,0.5181644359,0.01286764706,0.02597402597,0.01147227533,0.02676864245
163.25,7318,94,183,105,3,6777,2008,26.07792208,0.5450980392,0.5568862275,0.5410821643,0.5180722892,0.0137254902,0.02594810379,0.0120240481,0.03212851406
163.5,7318,94,183,105,3,6836,1855,24.09090909,0.5490605428,0.5454545455,0.5436681223,0.4978070175,0.01461377871,0.02813852814,0.008733624454,0.0350877193
163.75,7318,94,183,105,3,6896,1726,22.41558442,0.5438202247,0.5511627907,0.5418604651,0.4988123515,0.01573033708,0.03023255814,0.006976744186,0.03800475059
164,7318,94,183,105,3,6938,1616,20.98701299,0.5354523227,0.5438596491,0.5373134328,0.4975369458,0.01466992665,0.02756892231,0.009950248756,0.04187192118
164.25,7318,94,183,105,3,6988,1498,19.45454545,0.5240641711,0.5469168901,0.5356200528,0.4919354839,0.01604278075,0.02144772118,0.01055408971,0.04032258065
164.5,7316,95,184,105,3,7045,1376,17.87012987,0.5087209302,0.5348837209,0.5578034682,0.4941520468,0.01744186047,0.02325581395,0.01156069364,0.04093567251
164.75,7316,94,185,105,3,7113,1250,16.23376623,0.5047619048,0.537704918,0.570977918,0.5079872204,0.02222222222,0.02295081967,0.006309148265,0.04153354633
165,7316,94,185,105,3,7145,1168,15.16883117,0.4879725086,0.5294117647,0.5709459459,0.5102739726,0.0206185567,0.02422145329,0.01013513514,0.04452054795
165.25,7316,93,186,105,3,7214,1031,13.38961039,0.4962121212,0.5325670498,0.5772357724,0.5115384615,0.01893939394,0.01915708812,0.00406504065,0.05
165.5,7316,93,186,105,3,7277,903,11.72727273,0.5173913043,0.5,0.5777777778,0.5307017544,0.01739130435,0.01818181818,0.008888888889,0.04824561404
165.75,7316,93,186,105,3,7322,791,10.27272727,0.5326633166,0.4555555556,0.56,0.5330188679,0.02010050251,0.01666666667,0.01,0.04245283019
166,7316,93,185,106,3,7355,698,9.064935065,0.5459770115,0.4625,0.5056818182,0.5053191489,0.02298850575,0.0125,0.01136363636,0.04787234043
166.25,7316,93,185,106,3,7383,626,8.12987013,0.5540540541,0.4391891892,0.4810126582,0.5,0.01351351351,0.01351351351,0.01265822785,0.05813953488
166.5,7316,93,185,106,3,7414,553,7.181818182,0.5298507463,0.4384615385,0.4652777778,0.4965517241,0.01492537313,0.007692307692,0.01388888889,0.06206896552
166.75,7316,93,184,107,3,7434,513,6.662337662,0.552,0.4322033898,0.4402985075,0.5,0.016,0.008474576271,0.007462686567,0.05882352941
167,7315,94,183,108,3,7460,462,6,0.5775862069,0.4074074074,0.45,0.4830508475,0.01724137931,0.009259259259,0.008333333333,0.06779661017
167.25,7315,94,183,108,3,7490,408,5.298701299,0.5922330097,0.4242424242,0.431372549,0.4903846154,0.009708737864,0.0202020202,0.009803921569,0.04807692308
167.5,7315,94,183,108,3,7516,356,4.623376623,0.5824175824,0.4157303371,0.4302325581,0.5,0.01098901099,0.02247191011,0,0.05555555556
167.75,7315,94,183,108,3,7543,308,4,0.5714285714,0.3974358974,0.4533333333,0.5384615385,0,0.02564102564,0,0.03846153846
168,7315,94,183,108,3,7567,269,3.493506494,0.6142857143,0.375,0.4776119403,0.5441176471,0,0,0,0.04411764706
